Protocolo,tipo,MEdicamEnto,DosE,DIAS,IntErvalo,CICLO,TEMpo DE InfusAO,VIA Adm
5FU + CDDP,QT,CISPLATINA,100 MG/m2,D1,INTERVA. 28 DIAS,MAX 6 CICLOS,INFUS 2 HORAS,EV
5FU + CDDP,QT,FLUORURACILA,1000 MG/m2,D1 - D5,INTERVA. 28 DIAS,MAX 6 CICLOS,INFUS CONTINUA  96 HORAS,EV
5FU + CDDP,PRE-QT,ONDASENTRONA ,16 MG,"D1, D15",28 DIAS,MAX 6 CICLOS,30 MIN,EV
5FU + CDDP,PRE-QT,DEXAMETASONA,20 MG,"D1, D15",28 DIAS,MAX 6 CICLOS,30 MIN,EV
5FU + CDDP,PRE-QT,MANITOL 20 %  EM Y COM CISPLATINA,250 ML,"D1, D15",28 DIAS,MAX 6 CICLOS,1 HORA,EV
5FU + CDDP,PRE-QT,"SORO FISIOLOGICO 0,9 %  PRE E POS CDDP",500 ML,"D1, D15",28 DIAS,MAX 6 CICLOS,1 HORA,EV
5FU + LEUCO,QT,FLUORURACILA,600 MG/m2,D1 E D2,INTER. 28 DIAS,MAX 6 CICLOS,INFUS 46 HORAS,EV
5FU + LEUCO,QT,FLUORURACILA,400 MG/m2,D1 E D2,INTERVA. 28 DIAS,MAX 6 CICLOS,BOLUS,EV
5FU + LEUCO,QT,ÁCIDO FOLÍNICO,200 MG/m2,D1 E D2,INTERVA. 28 DIAS,MAX 6 CICLOS,INFUS 2 HORAS,EV
5FU + LEUCO,PRE-QT,ONDASENTRONA ,16 MG,D1-D2,28 DIAS,MAX 6 CICLOS,30 MIN,EV
5FU + LEUCO,PRE-QT,DEXAMETASONA,20 MG,D1-D2,28 DIAS,MAX 6 CICLOS,30 MIN,EV
5FU + LEUCO SEM,QT,FLUORURACILA,400 MG/m2,D1,INTERVA. 7 DIAS,MAX 6 CICLOS,BOLUS,EV
5FU + LEUCO SEM,QT,ÁCIDO FOLÍNICO,200 MG/m2,D1,INTERVA. 7 DIAS,MAX 6 CICLOS,INFUS 2 HORAS,EV
5FU + LEUCO SEM,PRE-QT,ONDASENTRONA ,16 MG,D1,7 DIAS,MAX 6 CICLOS,30 MIN,EV
5FU + LEUCO SEM,PRE-QT,DEXAMETASONA,20 MG,D1,7 DIAS,MAX 6 CICLOS,30 MIN,EV
ABVD,QT,DOXORRUBICINA,25 MG/m2,D1 E D15,INTERVA. 28 DIAS,MAX 6 CICLOS,INFUS 1 HORA,EV
ABVD,QT,BLEOMICINA,10 MG/m2,D1 E D15,INTERVA. 28 DIAS,MAX 6 CICLOS,BOLUS,EV
ABVD,PRE-QT,ONDASENTRONA ,16 MG,"D1,D15",28 DIAS,MAX 6 CICLOS,30 MIN,EV
ABVD,PRE-QT,DEXAMETASONA,20 MG,"D1,D15",28 DIAS,MAX 6 CICLOS,30 MIN,EV
ABVD,QT,VIMBLASTINA,6 MG/m2,D1 E D15,INTERVA. 28 DIAS,MAX 6 CICLOS,INFUS 10 MIN,EV
ABVD,QT,DACARBAZINA,375 MG/m2,D1 E D15,INTERVA. 28 DIAS,MAX 6 CICLOS,INFUS 30 MIN,EV
AC,QT,DOXORRUBICINA,60 MG/m2,D1,INTERVA. 21 DIAS,MAX 6 CICLOS,INFUS 1 HORA,EV
AC,QT,CICLOFOSFAMIDA,600 MG/m2,D1,INTERVA. 21 DIAS,MAX 6 CICLOS,INFUS 1 HORA,EV
AC,PRE-QT,ONDASENTRONA ,16 MG,D1,21 DIAS,MAX 6 CICLOS,30 MIN,EV
AC,PRE-QT,DEXAMETASONA,20 MG,D1,21 DIAS,MAX 6 CICLOS,30 MIN,EV
AC DOSE DENSA,QT,DOXORRUBICINA,60 MG/m2,D1,INTERVA. 14 DIAS,MAX 6 CICLOS,BOLUS,EV
AC DOSE DENSA,QT,CICLOFOSFAMIDA,600 MG/m2,D1,INTERVA. 14 DIAS,MAX 6 CICLOS,INFUS 40 MIN,EV
AC DOSE DENSA,PRE-QT,ONDASENTRONA ,16 MG,D1,21 DIAS,MAX 6 CICLOS,30 MIN,EV
AC DOSE DENSA,PRE-QT,DEXAMETASONA,20 MG,D1,21 DIAS,MAX 6 CICLOS,30 MIN,EV
AC-T,QT,DOXORRUBICINA,60 MG/m2,D1,INTERVA. 21 DIAS,MAX 4 CICLOS,BOLUS,EV
AC-T,QT,CICLOFOSFAMIDA,600 MG/m2,D1,INTERVA. 21 DIAS,MAX 4 CICLOS,40 MIN,EV
AC-T,QT,PACLITAXEL,175 MG/m2,D1 APOS 4 CICLOS DE AC,INTERVA. 21 DIAS,MAX 4 CICLOS,INFUS 3 HORAS (D1)/DEPOIS 1 HORA NOS PROXIMOS,EV
AC-T,PRE-QT,ONDASENTRONA ,16 MG,D1,21 DIAS,MAX 4 CICLOS,30 MIN,EV
AC-T,PRE-QT,DEXAMETASONA,20 MG,D1,21 DIAS,MAX 4 CICLOS,30 MIN,EV
AC-T,PRE-QT,DIFENIDRAMINA,50MG,D1,21 DIAS,MAX 4 CICLOS,30 MIN,EV
AC-T (MODIFICADO),QT,DOXORRUBICINA,60 MG/m2,D1,INTERVA. 21 DIAS,MAX 4 CICLOS,BOLUS,EV
AC-T (MODIFICADO),QT,CICLOFOSFAMIDA,600 MG/m2,D1,INTERVA. 21 DIAS,MAX 4 CICLOS,40 MIN,EV
AC-T (MODIFICADO),QT,PACLITAXEL,80 MG/m2,D1 APOS 4 CICLOS DE AC,INTERVA. 07 DIAS,12 SEMANAS,3 HORAS,EV
AC-T (MODIFICADO),PRE-QT,ONDASENTRONA ,16 MG,D1,21 DIAS,MAX 4 CICLOS,30 MIN,EV
AC-T (MODIFICADO),PRE-QT,DEXAMETASONA,20 MG,D1,21 DIAS,MAX 4 CICLOS,30 MIN,EV
AC-T (MODIFICADO),PRE-QT,DIFENIDRAMINA,50MG,D1,21 DIAS,MAX 4 CICLOS,30 MIN,EV
ALIMTA,QT,PEMETREXEDE,500 MG/m2,D1,INTERVA. 21 DIAS,MAX 6 CICLOS,INFUS 10 MIN,EV
ALIMTA,PRE-QT,DEXAMETASONA,10MG,D1,21 DIAS,MAX 6 CICLOS,30 MIN,EV
ALIMTA,PRE-QT,ONDASENTRONA ,8MG,D1,21 DIAS,MAX 6 CICLOS,30 MIN,EV
ALIMTA + CARBO,QT,PEMETREXEDE,500 MG/m2,D1,INTERVA. 21 DIAS,MAX 6 CICLOS,INFUS 10 MIN,EV
ALIMTA + CARBO,QT,CARBOPLATINA,ADICIONAR DOSE,AUC 5,INTERVA. 21 DIAS,MAX 6 CICLOS,INFUS 10 MIN,EV
ALIMTA + CARBO,PRE-QT,DEXAMETASONA,10MG,D1,21 DIAS,MAX 6 CICLOS,30 MIN,EV
ALIMTA + CARBO,PRE-QT,ONDASENTRONA ,8MG,D1,21 DIAS,MAX 6 CICLOS,30 MIN,EV
ALIMTA + CARBO+ AVASTIN,QT,PEMETREXEDE,500 MG/m2,D1,INTERVA. 21 DIAS,MAX 6 CICLOS,INFUS 10 MIN,EV
ALIMTA + CARBO+ AVASTIN,QT,CARBOPLATINA,ADICIONAR DOSE,AUC 5,INTERVA. 21 DIAS,MAX 6 CICLOS,INFUS 10 MIN,EV
ALIMTA + CARBO+ AVASTIN,QT,BEVACIZUMABE,15MG/KG/DIA,D1,INTERVA. 21 DIAS,MAX 6 CICLOS,INFUS 10 MIN,EV
ALIMTA + CARBO+ AVASTIN,PRE-QT,DEXAMETASONA,10MG,D1,21 DIAS,MAX 6 CICLOS,30 MIN,EV
ALIMTA + CARBO+ AVASTIN,PRE-QT,ONDASENTRONA ,8MG,D1,21 DIAS,MAX 6 CICLOS,30 MIN,EV
ALIMTA + CDDP,QT,PEMETREXEDE,500 MG/m2,D1,INTERVA. 21 DIAS,MAX 6 CICLOS,INFUS 10 MIN,EV
ALIMTA + CDDP,QT,CISPLATINA,75 MG/m2,D1,INTERVA. 21 DIAS,MAX 6 CICLOS,INFUS 2 HORAS,EV
ALIMTA + CDDP,PRE-QT,DEXAMETASONA ORAL,8 MG,D1-D3,21 DIAS,MAX 6 CICLOS,USO ORAL,VO
ALIMTA + CDDP,PRE-QT,DEXAMETASONA,20MG,D1,21 DIAS,MAX 6 CICLOS,30 MIN,EV
ALIMTA + CDDP,PRE-QT,ONDASENTRONA ,16 MG,D1,21 DIAS,MAX 6 CICLOS,30 MIN,EV
ALIMTA + CDDP,PRE-QT,MANITOL 20 %  EM Y COM CISPLATINA,250 ML,"D1, D15",0,MAX 6 CICLOS,1 HORA,EV
ALIMTA + CDDP,PRE-QT,"SORO FISIOLOGICO 0,9 % PRE E POS CDDP",500 ML,"D1, D15",21 DIAS,MAX 6 CICLOS,1 HORA,EV
ARA-C,QT,CITARABINA,100 MG,D1 - D7,INTERVA. 21 DIAS,ATE PROGRESSAO,SC,SC
ARA-C,PRE-QT,DEXAMETASONA ORAL,40 MG,D1-D4,21 DIAS,ATE PROGRESSAO,USO ORAL,VO
AVASTIN,QT,BEVACIZUMABE,5MG/KG/DIA,D1,INTER. 28 DIAS,ATE PROGRESSAO,"90 MIN 1º INFUSAO, 60 MIN 2º INFUSAO, 30 MIN 3º INFUSAO.",EV
AVASTIN (POS Taxol +Carbo 21/21),QT,BEVACIZUMABE,15MG/KG/DIA,D2,INTERVA. 21 DIAS,ATE PROGRESSAO,"90 MIN 1º INFUSAO, 60 MIN 2º INFUSAO, 30 MIN 3º INFUSAO.",EV
AVASTIN (POS Taxol +Carbo 21/21),QT,FILGRASTIMA (G-CSF),5MCG/KG/DIA,D2-D6,INTERVA. 21 DIAS,ATE PROGRESSAO,,SC
AVASTIN (POS Taxol +Carbo 21/21),PRE-QT,ONDASENTRONA ,16 MG,D1,21 DIAS,MAX 6 CICLOS,30 MIN,EV
AVASTIN (POS Taxol +Carbo 21/21),PRE-QT,DEXAMETASONA,20 MG,D1,21 DIAS,MAX 6 CICLOS,30 MIN,EV
AVASTIN (POS Taxol +Carbo 21/21),PRE-QT,DIFENIDRAMINA,50 MG,D1,21 DIAS,MAX 6 CICLOS,30 MIN,EV
AVASTIN (POS Taxol +Carbo 21/21),PRE-QT,FAMOTIDINA,20 MG,D1,21 DIAS,MAX 6 CICLOS,,VO
BEP,QT,CISPLATINA,20 MG,D1 - D5,INTERVA. 21 DIAS,MAX 4 CICLOS,INFUS 2 HORAS,EV
BEP,QT,ETOPOSIDO,100 MG,D1 - D5,INTERVA. 21 DIAS,MAX 4 CICLOS,INFUS 1 HORA,EV
BEP,QT,BLEOMICINA,30 UI,"D1,D8 E D15",INTERVA. 21 DIAS,MAX 4 CICLOS,INFUS 15 MIN,EV
BEP,PRE-QT,ONDASENTRONA ,16 MG,D1-D5,21 DIAS,MAX 4 CICLOS,30 MIN,EV
BEP,PRE-QT,DEXAMETASONA,20 MG,D1-D5,21 DIAS,MAX 4 CICLOS,30 MIN,EV
BEP,PRE-QT,RANITIDINA ,50 MG,D1-D5,21  DIAS,MAX 4 CICLOS,30 MIN,EV
BEP,PRE-QT,MANITOL 20 %  EM Y COM CISPLATINA,250 ML,D1-D5,28 DIAS,MAX 4 CICLOS,1 HORA,EV
BEP,PRE-QT,"SORO FISIOLOGICO 0,9 % PRE E POS CDDP",500 ML,D1-D5,28 DIAS,MAX 4 CICLOS,1 HORA,EV
CARBO + IRINO,QT,CARBOPLATINA,ADICIONAR DOSE,D1,INTERVA. 21 DIAS,AUC DE 4,INFUS 1 HORA,EV
CARBO + IRINO,QT,IRINOTECANO,175,D1,INTERVA. 21 DIAS,ACM,INFUS 90 MIN,EV
CARBO + IRINO,PRE-QT,ATROPINA,"0,25MG",D1,21 DIAS,MAX 6 CICLOS,30 MIN,EV
CARBO + IRINO,PRE-QT,ONDASENTRONA ,16 MG,D1,21 DIAS,MAX 6 CICLOS,30 MIN,EV
CARBO + IRINO,PRE-QT,DEXAMETASONA,20 MG,D1,21 DIAS,MAX 6 CICLOS,30 MIN,EV
CARBO + VNB,QT,CARBOPLATINA,ADICIONAR DOSE,D1,INTERVA. 21 DIAS,MAX 4 CICLOS,INFUS 1 HORA,EV
CARBO + VNB,QT,VINORELBINE - 3 PRIMEIRAS ADM.,60 MG,D1,INTERVA. 7 DIAS,ACM,USO ORAL,VO
CARBO + VNB,QT,VINORELBINE - APOS AS 3 PRIMEIRAS ADM,80 MG,D1,INTERVA. 7 DIAS,ACM,USO ORAL,VO
CARBO + VNB,PRE-QT,ONDASENTRONA ,16 MG,D1,21 DIAS,MAX 6 CICLOS,30 MIN,EV
CARBO + VNB,PRE-QT,DEXAMETASONA,20 MG,D1,21 DIAS,MAX 6 CICLOS,30 MIN,EV
CDDP + 5FU +RT(ESOFAGO),QT,CISPLATINA,75,"D1, D5",INTERVA. 35 DIAS,ENQUANTO DURAR A RT,INFUS 3 HORAS,EV
CDDP + 5FU +RT(ESOFAGO),QT,FLUORURACILA,1000,"D1, D5",INTERVA. 35 DIAS,ENQUANTO DURAR A RT,infusão CONTINUA 96 HORAS,EV
CDDP + 5FU +RT(ESOFAGO),PRE-QT,ONDASENTRONA ,16 MG,D1,35 DIAS,ENQUANTO DURAR A RT, INFUS 30 MIN,EV
CDDP + 5FU +RT(ESOFAGO),PRE-QT,DEXAMETASONA,20 MG,D1,35 DIAS,ENQUANTO DURAR A RT, INFUS 30 MIN,EV
CDDP + 5FU +RT(ESOFAGO),PRE-QT,MANITOL 20 %  EM Y COM CISPLATINA,250 ML,D1,35 DIAS,ENQUANTO DURAR A RT,1 HORA,EV
CDDP + 5FU +RT(ESOFAGO),PRE-QT,"SORO FISIOLOGICO 0,9 % PRE E POS CDDP",500 ML,D1,35 DIAS,ENQUANTO DURAR A RT,1 HORA,EV
CDDP + IRINO +RT(ESOFAGO),QT,CISPLATINA,30 MG,"D1, D8, D22, D29",INTERVA. 7/14/7 DIAS,ENQUANTO DURAR A RT,INFUS 3 HORAS,EV
CDDP + IRINO +RT(ESOFAGO),QT,IRINOTECANO,65 MG,"D1, D8, D22, D29",INTERVA. 7/14/7 DIAS,ENQUANTO DURAR A RT,INFUS 90 MIN,EV
CDDP + IRINO +RT(ESOFAGO),PRE-QT,ONDASENTRONA ,16 MG,"D1,D8,D22,D29",7/14/7 DIAS,ENQUANTO DURAR A RT, INFUS 30 MIN,EV
CDDP + IRINO +RT(ESOFAGO),PRE-QT,DEXAMETASONA,20 MG,"D1,D8,D22,D29",7/14/7 DIAS,ENQUANTO DURAR A RT, INFUS 30 MIN,EV
CDDP + IRINO +RT(ESOFAGO),PRE-QT,ATROPINA,"0,25MG","D1,D8,D22,D29",7/14/7 DIAS,ENQUANTO DURAR A RT,IMEDIATO,EV
CDDP + IRINO +RT(ESOFAGO),PRE-QT,MANITOL 20 % EM Y COM CISPLATINA,250 ML,"D1,D8,D22,D29",7/14/7 DIAS,ENQUANTO DURAR A RT,1 HORA,EV
CDDP + IRINO +RT(ESOFAGO),PRE-QT,"SORO FISIOLOGICO 0,9 % PRE E POS CDDP",500 ML,"D1,D8,D22,D29",7/14/7 DIAS,ENQUANTO DURAR A RT,1 HORA,EV
CDDP + RT (MENSAL),QT,CISPLATINA,40 MG,D1,INTERVA. 30 DIAS,ENQUANTO DURAR A RT,INFUS 2 HORAS,EV
CDDP + RT (MENSAL),PRE-QT,ONDASENTRONA ,16 MG,D1,,ENQUANTO DURAR A RT, INFUS 30 MIN,EV
CDDP + RT (MENSAL),PRE-QT,DEXAMETASONA,20 MG,D1,,ENQUANTO DURAR A RT, INFUS 30 MIN,EV
CDDP + RT (MENSAL),PRE-QT,MANITOL 20 % EM Y COM CISPLATINA,250 ML,D1,07 DIAS,ENQUANTO DURAR A RT,1 HORA,EV
CDDP + RT (MENSAL),PRE-QT,"SORO FISIOLOGICO 0,9 % PRE E POS CDDP",500 ML,D1,07 DIAS,ENQUANTO DURAR A RT,1 HORA,EV
CDDP + RT(ESOFAGO),QT,CISPLATINA,40 MG,D1,INTERVA. 7 DIAS,ENQUANTO DURAR A RT,INFUS 2 HORAS,EV
CDDP + RT(ESOFAGO),PRE-QT,ONDASENTRONA ,16 MG,D1,,ENQUANTO DURAR A RT, INFUS 30 MIN,EV
CDDP + RT(ESOFAGO),PRE-QT,DEXAMETASONA,20 MG,D1,,ENQUANTO DURAR A RT, INFUS 30 MIN,EV
CDDP + RT(ESOFAGO),PRE-QT,MANITOL 20 % EM Y COM CISPLATINA,250 ML,D1,07 DIAS,ENQUANTO DURAR A RT,1 HORA,EV
CDDP + RT(ESOFAGO),PRE-QT,"SORO FISIOLOGICO 0,9 % PRE E POS CDDP",500 ML,D1,07 DIAS,ENQUANTO DURAR A RT,1 HORA,EV
CHOP,QT,CICLOFOSFAMIDA,750,D1,INTERVA. 21 DIAS,MAX .6 a 8 CICLOS,INFUS 1 HORA,EV
CHOP,QT,DOXORRUBICINA,50,D1,INTERVA. 21 DIAS,MAX .6 a 8 CICLOS,INFUS 1 HORA,EV
CHOP,QT,VINCRISTIA,"1,4 (< 2,0 MG)",D1,INTERVA. 21 DIAS,MAX .6 a 8 CICLOS,BOLUS,EV
CHOP,QT,PREDNISONA,40,D1-D5,INTERVA. 21 DIAS,MAX .6 a 8 CICLOS,USO ORAL,VO
CHOP,PRE-QT,ONDASENTRONA ,16 MG,D1,21 DIAS,MAX. 6 a 8 CICLOS, INFUS 30 MIN,EV
CHOP,PRE-QT,DEXAMETASONA,20 MG,D1,21 DIAS,MAX. 6 a 8 CICLOS, INFUS 30 MIN,EV
CMF,QT,CICLOFOSFAMIDA,600 MG,D1,INTERVA. 21 DIAS,MAX 6 CICLOS,INFUS 40 MIN,EV
CMF,QT,METOTREXATO,40 MG,D1,INTERVA. 21 DIAS,MAX 6 CICLOS,EM BOLUS,EV
CMF,QT,FLUORURACILA,600 MG,D1,INTERVA. 21 DIAS,MAX 6 CICLOS,INFUS 30 MIN,EV
CMF,PRE-QT,DEXAMETASONA,20 MG,D1,28 DIAS,MAX 6 CICLOS,30 MIN,EV
CMF,PRE-QT,ONDASENTRONA ,16 MG,D1,28 DIAS,MAX 6 CICLOS,30 MIN,EV
COP,QT,CICLOFOSFAMIDA,600,D1,INTERVA. 21 DIAS,MAX .4 a 6 CICLOS,INFUS 40 MIN,EV
COP,QT,VINCRISTINA MAX 2 MG,"1,4 (< 2 MG)",D1,INTERVA. 21 DIAS,MAX .4 a 6 CICLOS,INFUS 10 MIN,EV
COP,QT,PREDNISONA,100 MG,D1-D5,INTERVA. 21 DIAS,MAX .4 a 6 CICLOS,USO ORAL,VO
COP,PRE-QT,DEXAMETASONA,20 MG,D1,21 DAis,MAX .4 a 6 CICLOS,30 MIN,EV
COP,PRE-QT,ONDASENTRONA ,16 MG,D1,21 DAis,MAX .4 a 6 CICLOS,30 MIN,EV
CPT-11 + CDDP,QT,IRINOTECANO,65 MG,"D1,D8",INTERVA. 21 DIAS,MAX .4 a 6 CICLOS,INFUS 90 MIN,EV
CPT-11 + CDDP,QT,CISPLATINA,30 MG,D1,INTERVA. 21 DIAS,MAX .4 a 6 CICLOS,INFUS 2 HORAS,EV
CPT-11 + CDDP,PRE-QT,ONDASENTRONA ,16 MG,D1-D8,21 DIAS,MAX .4 a 6 CICLOS,30 MIN,EV
CPT-11 + CDDP,PRE-QT,DEXAMETASONA,20 MG,D1-D8,21 DAis,MAX .4 a 6 CICLOS,30 MIN,EV
CPT-11 + CDDP,PRE-QT,ATROPINA,"0,25MG",D1-D8,21 DIAS,MAX .4 a 6 CICLOS,IMEDIATO,EV
CPT-11 + CDDP,PRE-QT,MANITOL 20 % EM Y COM CISPLATINA,250 ML,D1,21 DAis,MAX .4 a 6 CICLOS,1 HORA,EV
CPT-11 + CDDP,PRE-QT,"SORO FISIOLOGICO 0,9 % PRE E POS CDDP",500 ML,D1,21 DAis,MAX .4 a 6 CICLOS,1 HORA,EV
CTX,QT,"CICLOFOSFAMIDA -250ML DE SF 0,9%",800MG,,A CRITÉRIO MÉDICO,,INFUS 2 HORAS,EV
CTX,PRE-QT,ONDASENTRONA ,8 MG,,,,30 MIN,EV
CYBORD,QT,BORTEZOMIBE,"1,5 MG","D1, D8, D15, D22",INTERVA. 07 DIAS,MIN 8 CICLOS,-,SC
CYBORD,QT,CICLOFOSFAMIDA ,300 MG,"D1, D8, D15, D22",INTERVA. 07 DIAS,MIN 8 CICLOS,-,VO
CYBORD,QT,DEXAMETASONA ,40 MG,"D1, D8, D15, D22",INTERVA. 07 DIAS,MIN 8 CICLOS,-,VO
CYBORD,PRE-QT,ONDASENTRONA ,16 MG,"D1, D8, D15, D22",28 DIAS,MAX 6 CICLOS,30 MIN,EV
CYBORD,PRE-QT,DEXAMETASONA,20 MG,"D1, D8, D15, D22",28 DIAS,MAX 6 CICLOS,30 MIN,EV
DHAP,QT,CISPLATINA,100 MG,D1 E D2,INTERVA. 21 OU 28 DIAS ,ATE PROGRESSAO,INFUS 2 HORAS,EV
DHAP,QT,CITARABINA,2000 MG,D2 E D3,INTERVA. 21 OU 28 DIAS ,ATE PROGRESSAO,INFUS 2 HORAS,EV
DHAP,QT,DEXAMETASONA ,40 MG,D1-D4,INTERVA. 21 OU 28 DIAS ,ATE PROGRESSAO,VO,VO
DHAP,PRE-QT,ONDASENTRONA ,ADICIONAR DOSE,D1 - D3,21 OU 28 DIAS,ATE PROGRESSAO,1 HORA,EV
DHAP,PRE-QT,MANITOL 20 % EM Y COM CISPLATINA,250 ML,D1,21 OU 28 DIAS,ATE PROGRESSAO,1 HORA,EV
DHAP,PRE-QT,"SORO FISIOLOGICO 0,9 % PRE E POS CDDP",500 ML,D1,21 OU 28 DIAS,ATE PROGRESSAO,1 HORA,EV
DOXO ISOLADA,QT,DOXORRUBICINA,60 MG,D1,intErv 21(28),MAX.  6 CICLOS,INFUS 1 HORA,EV
DOXO ISOLADA,PRE-QT,ONDASENTRONA ,16 MG,D1,21 OU 28 DIAS,MAX 6 CICLOS,30 MIN,EV
DOXO ISOLADA,PRE-QT,DEXAMETASONA,20 MG,D1,21 OU 28 DIAS,MAX 6 CICLOS,30 MIN,EV
ELF,QT,ETOPOSIDO,120 MG,"D1, D2, D3",INTERVA. 28 DIAS,MAX.  6 CICLOS,INFUS 2 HORAS,EV
ELF,QT,ÁCIDO FOLÍNICO,300 MG,"D1, D2, D3",INTERVA. 28 DIAS,MAX.  6 CICLOS,BOLUS,EV
ELF,QT,FLUORURACILA,500 MG,"D1, D2, D3",INTERVA. 28 DIAS,MAX.  6 CICLOS,BOLUS,EV
ELF,PRE-QT,ONDASENTRONA ,16 MG,D1-D3,28 DIAS,MAX 6 CICLOS,30 MIN,EV
ELF,PRE-QT,DEXAMETASONA,20 MG,D1-D3,28 DIAS,MAX 6 CICLOS,30 MIN,EV
EOX,QT,EPIRRUBICINA,150 MG,D1,INTER. 21 DIAS,MAX. 6 a 8 CICLOS,30 MIN DE INFUS,EV
EOX,QT,OXALIPLATINA,130 MG,D1,INTER. 21 DIAS,MAX. 6 a 8 CICLOS,INFUS 2 HORAS,EV
EOX,PRE-QT,ONDASENTRONA ,16 MG,D1,21 DIAS,MAX. 6 a 8 CICLOS,30 MIN,EV
EOX,PRE-QT,DEXAMETASONA,20 MG,D1,21 DIAS,MAX. 6 a 8 CICLOS,30 MIN,EV
EOX,QT,CAPECITABINA,1250 MG,USOCONTINUO,,MAX. 6 a 8 CICLOS,ORAL,VO
EP,QT,ETOPOSIDEO,100 MG,D1-D5,INTER. 21 DIAS,MAX 4 CICLOS,INFUS 2 HORAS,EV
EP,QT,CISPLATINA,20 MG,D1-D5,INTER. 21 DIAS,MAX 4 CICLOS,INFUS 1 HORA,EV
EP,PRE-QT,ONDASENTRONA ,16 MG,D1-D5,21 DIAS,MAX. 4 CICLOS,30 MIN,EV
EP,PRE-QT,DEXAMETASONA,20 MG,D1-D5,21 DIAS,MAX. 4 CICLOS,30 MIN,EV
EP,PRE-QT,MANITOL 20 % EM Y COM CISPLATINA,250 ML,,21 DIAS,MAX. 4 CICLOS,30 MIN,EV
EP,PRE-QT,"SORO FISIOLOGICO 0,9 % PRE E POS CDDP",500 ML,,21 DIAS,MAX. 4 CICLOS,30 MIN,EV
EPI + CDDP,QT,EPIRRUBICINA,80 MG,D1,INTERVA. 28 DIAS,MAX. 3 CICLOS,INFUS 30 MIN,EV
EPI + CDDP,QT,CISPLATINA,100 MG,D1,INTERVA. 28 DIAS,MAX. 3 CICLOS,INFUS 1 HORA,EV
EPI + CDDP,PRE-QT,ONDASENTRONA ,16 MG,D1,28 DIAS,MAX. 3 CICLOS, INFUS 30 MIN,EV
EPI + CDDP,PRE-QT,DEXAMETASONA,20 MG,D1,28 DIAS,MAX. 3 CICLOS, INFUS 30 MIN,EV
EPI + CDDP,PRE-QT,MANITOL 20 % EM Y COM CISPLATINA,250 ML,D1,28 DIAS,MAX. 3 CICLOS,1 HORA,EV
EPI + CDDP,PRE-QT,"SORO FISIOLOGICO 0,9 % PRE E POS CDDP",500 ML,D1,28 DIAS,MAX. 3 CICLOS,1 HORA,EV
EPI + TXT,QT,EPIRRUBICINA,75 MG,D1,INTERVA. 21 DIAS,MAX 6 CICLOS,INFUS 1 HORA,EV
EPI + TXT,QT,DOCETAXEL,75 MG,D1,INTERVA. 21 DIAS,MAX 6 CICLOS,INFUS 1 HORA,EV
EPI + TXT,PRE-QT,ONDASENTRONA ,16 MG,D1,21 DIAS,MAX 6 CICLOS, INFUS 30 MIN,EV
EPI + TXT,PRE-QT,DEXAMETASONA,20 MG,D1,21 DAis,MAX 6 CICLOS, INFUS 30 MIN,EV
EPI + TXT,PRE-QT,DIFENIDRAMINA,50 MG,D1,21 DAis,MAX 6 CICLOS, INFUS 30 MIN,EV
EVEROLIMUS,QT,EVEROLIMO,10 MG,USOCONTINUO,,ATE PROGRESSAO,USO ORAL,VO
FAC,QT,FLUORURACILA,500 MG,D1,INTERVA. 21 DIAS,MAX .4 a 6 CICLOS,BOLUS,EV
FAC,QT,DOXORRUBICINA,50 MG,D1,INTERVA. 21 DIAS,MAX .4 a 6 CICLOS,INFUS 1 HORA,EV
FAC,QT,CICLOFOSFAMIDA,500 MG,D1,INTERVA. 21 DIAS,MAX .4 a 6 CICLOS,INFUS 1 HORA,EV
FAC,PRE-QT,ONDASENTRONA ,16 MG,"D1,D8",21 DIAS,MAX .4 a 6 CICLOS, INFUS 30 MIN,EV
FAC,PRE-QT,DEXAMETASONA,20 MG,"D1,D8",21 DAis,MAX .4 a 6 CICLOS, INFUS 30 MIN,EV
FEC,QT,FLUORURACILA,500 MG,"D1, D2, D3",INTERVA. 21 DIAS,MAX 3 CICLOS,INFUS 20 MIN,EV
FEC,QT,EPIRRUBICINA,100 MG,"D1, D2, D3",INTERVA. 21 DIAS,MAX 3 CICLOS,INFUS 30 MIN,EV
FEC,QT,CICLOFOSFAMIDA,500 MG,"D1, D2, D3",INTERVA. 21 DIAS,MAX 3 CICLOS,INFUS 1 HORA,EV
FEC,PRE-QT,ONDASENTRONA ,16 MG,D1,21 DIAS,MAX. 3 CICLOS, INFUS 30 MIN,EV
FEC,PRE-QT,DEXAMETASONA,20 MG,D1,21 DIAS,MAX. 3 CICLOS, INFUS 30 MIN,EV
FEC + DOCE,QT,FLUORURACILA,500 MG,"D1, D2, D3",INTERVA. 21 DIAS,MAX 3 CICLOS,INFUS 20 MIN,EV
FEC + DOCE,QT,EPIRRUBICINA,100 MG,"D1, D2, D3",INTERVA. 21 DIAS,MAX 3 CICLOS,INFUS 30 MIN,EV
FEC + DOCE,QT,CICLOFOSFAMIDA,500 MG,"D1, D2, D3",INTERVA. 21 DIAS,MAX 3 CICLOS,INFUS 1 HORA,EV
FEC + DOCE,QT,DOCETAXEL,100 MG,"D4, D5, D6",INTERVA. 21 DIAS,MAX 3 CICLOS,INFUS 1 HORA,EV
FEC + DOCE,PRE-QT,ONDASENTRONA ,16 MG,D1,21 DIAS,MAX. 3 CICLOS, INFUS 30 MIN,EV
FEC + DOCE,PRE-QT,DEXAMETASONA,20 MG,D1,21 DIAS,MAX. 3 CICLOS, INFUS 30 MIN,EV
FEC + DOCE,PRE-QT,DEXAMETASONA ORAL,8 MG,D1-D5,21 DIAS,MAX. 3 CICLOS, INFUS 30 MIN,EV
FEC + DOCE,PRE-QT,DIFENIDRAMINA,50MG,D1,21 DIAS,MAX. 3 CICLOS, INFUS 30 MIN,EV
FLOT,QT,DOCETAXEL,50 MG,D1,INTER. 15 DIAS,MAX 6 CICLOS,INFUS 1 HORA,EV
FLOT,QT,OXALIPLATINA,85 MG,D1,INTER. 15 DIAS,MAX 6 CICLOS,INFUS 2 HORAS,EV
FLOT,QT,ÁCIDO FOLÍNICO,200 MG,D1,INTER. 15 DIAS,MAX 6 CICLOS,INFUS 2 HORAS,EV
FLOT,QT,FLUORURACILA,2600 MG,D1,INTER. 15 DIAS,MAX 6 CICLOS,INFUS CONTINUA 24 HORAS,EV
FLOT,PRE-QT,ONDASENTRONA ,16 MG,D1,15 DIAS,MAX 6 CICLOS, INFUS 30 MIN,EV
FLOT,PRE-QT,DEXAMETASONA,20 MG,D1, 15 DIAS,MAX 6 CICLOS, INFUS 30 MIN,EV
FLOT,PRE-QT,DIFENIDRAMINA,50MG,D1, 15 DIAS,MAX 6 CICLOS, INFUS 30 MIN,EV
FLOX,QT,ÁCIDO FOLÍNICO,500 MG,"D1, 8, 15, 22, 29, 36",INTERVA. 8 sEM,MAX. 3 CICLOS,,EV
FLOX,QT,FLUORURACILA,500 MG,"D1, 8, 15, 22, 29, 36",INTERVA. 8 sEM,MAX. 3 CICLOS,,EV
FLOX,QT,OXALIPLATINA,85 MG,"D1, 15,29",INTERVA. 8 sEM,MAX. 3 CICLOS,INFUS 2 HORAS,EV
FLOX,PRE-QT,DEXAMETASONA,20 MG,"D1, 8, 15, 22, 29, 36",INTERVA. 8 sEM,MAX. 3 CICLOS, INFUS 30 MIN,EV
FLOX,PRE-QT,ONDASENTRONA ,16 MG,"D1, 8, 15, 22, 29, 36",INTERVA. 8 sEM,MAX. 3 CICLOS, INFUS 30 MIN,EV
FLOX NÓRDICO,QT,OXALIPLATINA,85 MG,D1,INTER. 14 DIAS,MAX 6 CICLOS,INFUS 2 HORAS,EV
FLOX NÓRDICO,QT,FLUORURACILA,500 MG,"D1, D2",INTER. 14 DIAS,MAX 6 CICLOS,BOLUS,EV
FLOX NÓRDICO,QT,ÁCIDO FOLÍNICO,60 MG,"D1, D2",INTER. 14 DIAS,MAX 6 CICLOS,BOLUS,EV
FLOX NÓRDICO,PRE-QT,ONDASENTRONA ,16 MG,"D1, D2",14 DIAS,MAX 6 CICLOS, INFUS 30 MIN,EV
FLOX NÓRDICO,PRE-QT,DEXAMETASONA,20 MG,"D1, D2",14 DIAS,MAX 6 CICLOS, INFUS 30 MIN,EV
FLUDARABINA ISOLADA,QT,FLUDARABINA,25 MG,D1-D5,INTERVA. 28 DIAS,ATE PROGRESSAO,INFUS 30 MIN,EV
FOLFIRI ,QT,IRINOTECANO,180 MG,"D1,D15",INTER. 14 DIAS,MAX 6 CICLOS,INFUS 90 MIN,EV
FOLFIRI ,QT,ÁCIDO FOLÍNICO,400 MG,"D1,D15",INTER. 14 DIAS,MAX 6 CICLOS,INFUS 2 HORAS,EV
FOLFIRI ,QT,FLUORURACILA,400 MG,"D1,D15",INTER. 14 DIAS,MAX 6 CICLOS,BOLUS,EV
FOLFIRI ,QT,FLUORURACILA,2400 MG,"D1,D15",INTER. 14 DIAS,MAX 6 CICLOS,INFUS CONTINUA EM 46 HORAS,EV
FOLFIRI ,PRE-QT,ONDASENTRONA ,16 MG,"D1,D15",14 DIAS,MAX 6 CICLOS,30 MIN,EV
FOLFIRI ,PRE-QT,DEXAMETASONA,20 MG,"D1,D15",14 DIAS,MAX 6 CICLOS,30 MIN,EV
FOLFIRI ,PRE-QT,ATROPINA,"0,25MG","D1,D15",14 DIAS,MAX 6 CICLOS,IMEDIATO,EV
FOLFIRI + AVASTIN,QT,IRINOTECANO,180 MG,D1,INTER. 28 DIAS,MAX 6 CICLOS,INFUS 90 MIN,EV
FOLFIRI + AVASTIN,QT,ÁCIDO FOLÍNICO,400 MG,D1,INTER. 28 DIAS,MAX 6 CICLOS,2 HORAS,EV
FOLFIRI + AVASTIN,QT,FLUORURACILA,400 MG,D1,INTER. 28 DIAS,MAX 6 CICLOS,BOLUS,EV
FOLFIRI + AVASTIN,QT,FLUORURACILA,2400 MG,D1,INTER. 28 DIAS,MAX 6 CICLOS,INFUS CONTINUA  46 HORAS,EV
FOLFIRI + AVASTIN,QT,BEVACIZUMABE,5MG/KG/DIA,D1,INTER. 28 DIAS,MAX 6 CICLOS,30 MIN,EV
FOLFIRI + AVASTIN,PRE-QT,ONDASENTRONA ,16 MG,D1,28 DIAS,MAX 6 CICLOS,30 MIN,EV
FOLFIRI + AVASTIN,PRE-QT,DEXAMETASONA,20 MG,D1,28 DIAS,MAX 6 CICLOS,30 MIN,EV
FOLFIRI + AVASTIN,PRE-QT,ATROPINA,"0,25MG",D1,28 DIAS,MAX 6 CICLOS,IMEDIATO,EV
FOLFIRI + AVASTIN,PRE-QT,DIFENIDRAMINA,50 MG,D1,28 DIAS,MAX 6 CICLOS,30 MIN,EV
FOLFIRI + CETUXIMABE,QT,IRINOTECANO,180 MG,"D1,D15",INTER. 28 DIAS,MAX 6 CICLOS,INFUS 90 MIN,EV
FOLFIRI + CETUXIMABE,QT,ÁCIDO FOLÍNICO,400 MG,"D1,D15",INTER. 28 DIAS,MAX 6 CICLOS,INFUS 2 HORAS,EV
FOLFIRI + CETUXIMABE,QT,FLUORURACILA,400 MG,"D1,D15",INTER. 28 DIAS,MAX 6 CICLOS,BOLUS,EV
FOLFIRI + CETUXIMABE,QT,FLUORURACILA,2400 MG,"D1,D15",INTER. 28 DIAS,MAX 6 CICLOS,INFUS CONTINUA EM 46 HORAS,EV
FOLFIRI + CETUXIMABE,QT,CETUXIMABE,250 MG,"D1, D8, D15, D22",INTER. 28 DIAS,MAX 6 CICLOS,INFUS 1 HORAS,EV
FOLFIRI + CETUXIMABE,PRE-QT,ONDASENTRONA ,16 MG,D1,28 DIAS,MAX 6 CICLOS,30 MIN,EV
FOLFIRI + CETUXIMABE,PRE-QT,DEXAMETASONA,20 MG,D1,28 DIAS,MAX 6 CICLOS,30 MIN,EV
FOLFIRI + CETUXIMABE,PRE-QT,ATROPINA,"0,25MG",D1,28 DIAS,MAX 6 CICLOS,IMEDIATO,EV
FOLFIRI + CETUXIMABE,PRE-QT,DIFENIDRAMINA,50 MG,D1,28 DIAS,MAX 6 CICLOS,30 MIN,EV
FOLFIRI + CETUXIMABE,PRE-QT,DEXAMETASONA ORAL,8 MG,D1-D5,28 DIAS, MAX 6 CICLOS,,EV
FOLFIRINOX ,QT,IRINOTECANO,180 MG,"D1,D15",INTER. 28 DIAS,MAX 6 CICLOS,INFUS 90 MIN,EV
FOLFIRINOX ,QT,ÁCIDO FOLÍNICO,400 MG,"D1,D15",INTER. 28 DIAS,MAX 6 CICLOS,INFUS 2 HORAS,EV
FOLFIRINOX ,QT,FLUORURACILA,400 MG,"D1,D15",INTER. 28 DIAS,MAX 6 CICLOS,BOLUS,EV
FOLFIRINOX ,QT,FLUORURACILA,2400 MG,"D1,D15",INTER. 28 DIAS,MAX 6 CICLOS,INFUS CONTINUA EM 46 HORAS,EV
FOLFIRINOX ,QT,OXALIPLATINA,85 MG,"D1,D15",INTER. 28 DIAS,MAX 6 CICLOS,INFUS 2 HORAS,EV
FOLFIRINOX ,PRE-QT,ONDASENTRONA ,16 MG,D1,28 DIAS,MAX 6 CICLOS,30 MIN,EV
FOLFIRINOX ,PRE-QT,DEXAMETASONA,20 MG,D1,28 DIAS,MAX 6 CICLOS,30 MIN,EV
FOLFIRINOX ,PRE-QT,ATROPINA,"0,25MG",D1,28 DIAS,MAX 6 CICLOS,IMEDIATO,EV
FOLFOX 7,QT,OXALIPLATINA,85 MG,D1,INTER. 28 DIAS,MAX 6 CICLOS,INFUS 2 HORAS,EV
FOLFOX 7,QT,ÁCIDO FOLÍNICO,400 MG,D1,INTER. 28 DIAS,MAX 6 CICLOS,INFUS 90 MIN,EV
FOLFOX 7,QT,FLUORURACILA,2400 MG,D1,INTER. 28 DIAS,MAX 6 CICLOS,bomba DE infusão 46h,EV
FOLFOX 7,PRE-QT,ONDASENTRONA ,16 MG,D1,,,30 MIN,EV
FOLFOX 7,PRE-QT,DEXAMETASONA,20 MG,D1,,,30 MIN,EV
FOLFOX IV + AVASTIN,QT,OXALIPLATINA,85 MG,D1,INTER. 14 DIAS,MAX 6 CICLOS,INFUS 2 HORAS,EV
FOLFOX IV + AVASTIN,QT,ÁCIDO FOLÍNICO,200 MG,"D1,D2",INTER. 14 DIAS,MAX 6 CICLOS,INFUS 2 HORAS ANTES do 5-FU,EV
FOLFOX IV + AVASTIN,QT,FLUORURACILA,400 MG,"D1,D2",INTER. 14 DIAS,MAX 6 CICLOS,BOLUS,EV
FOLFOX IV + AVASTIN,QT,FLUORURACILA,600,"D1,D2",INTER. 14 DIAS,MAX 6 CICLOS,INFUS CONTINUA EM 46 HORAS,EV
FOLFOX IV + AVASTIN,QT,BEVACIZUMABE,10MG/KG/DIA,"D1,D15",INTER. 14 DIAS,MAX 6 CICLOS,"90 MIN 1º INFUSAO, 60 MIN 2º INFUSAO, 30 MIN 3º INFUSAO.",EV
FOLFOX IV + AVASTIN,PRE-QT,ONDASENTRONA ,16 MG,"D1,D15",14 DIAS,MAX 6 CICLOS,30 MIN,EV
FOLFOX IV + AVASTIN,PRE-QT,DEXAMETASONA,20 MG,"D1,D15",14 DIAS,MAX 6 CICLOS,30 MIN,EV
FOLFOX IV + AVASTIN,PRE-QT,DIFENIDRAMINA,50 MG,"D1,D15",14 DIAS,MAX 6 CICLOS,30 MIN,EV
FOLFOX IV + AVASTIN,PRE-QT,DEXAMETASONA ORAL,8 MG,D1-D5,14 DIAS, MAX 6 CICLOS,,VO
FOLFOX VI ,QT,OXALIPLATINA,100,"D1,D15",INTER. 28 DIAS,MAX 6 CICLOS,INFUS 2 HORAS,EV
FOLFOX VI ,QT,ÁCIDO FOLÍNICO,400,"D1,D15",INTER. 28 DIAS,MAX 6 CICLOS,INFUS 2 HORAS,EV
FOLFOX VI ,QT,FLUORURACILA,400,"D1,D15",INTER. 28 DIAS,MAX 6 CICLOS,BOLUS,EV
FOLFOX VI ,QT,FLUORURACILA,2400,"D1,D15",INTER. 28 DIAS,MAX 6 CICLOS,INFUS continua EM 46 HORAS,EV
FOLFOX VI ,PRE-QT,ONDASENTRONA ,16 MG,"D1,D15",28 DIAS,MAX 6 CICLOS,30 MIN,EV
FOLFOX VI ,PRE-QT,DEXAMETASONA,20 MG,"D1,D15",28 DIAS,MAX 6 CICLOS,30 MIN,EV
FOLFOX VI + AVASTIN,QT,OXALIPLATINA,100 MG,D1,INTER. 14 DIAS,MAX 6 CICLOS,INFUS 2 HORAS,EV
FOLFOX VI + AVASTIN,QT,ÁCIDO FOLÍNICO,400 MG,"D1,D2",INTER. 14 DIAS,MAX 6 CICLOS,INFUS 2 HORAS ANTES do 5-FU,EV
FOLFOX VI + AVASTIN,QT,FLUORURACILA,400 MG,"D1,D2",INTER. 14 DIAS,MAX 6 CICLOS,BOLUS,EV
FOLFOX VI + AVASTIN,QT,FLUORURACILA,2400 MG,"D1,D2",INTER. 14 DIAS,MAX 6 CICLOS,INFUS CONTINUA EM 46 HORAS,EV
FOLFOX VI + AVASTIN,QT,BEVACIZUMABE,10MG/KG/DIA,"D1,D15",INTER. 14 DIAS,MAX 6 CICLOS,"90 MIN 1º INFUSAO, 60 MIN 2º INFUSAO, 30 MIN 3º INFUSAO.",EV
FOLFOX VI + AVASTIN,PRE-QT,ONDASENTRONA ,16 MG,"D1,D15",14 DIAS,MAX 6 CICLOS,30 MIN,EV
FOLFOX VI + AVASTIN,PRE-QT,DEXAMETASONA,20 MG,"D1,D15",14 DIAS,MAX 6 CICLOS,30 MIN,EV
FOLFOX VI + AVASTIN,PRE-QT,DIFENIDRAMINA,50 MG,"D1,D15",14 DIAS,MAX 6 CICLOS,30 MIN,EV
FOLFOX VI + AVASTIN,PRE-QT,DEXAMETASONA ORAL,8 MG,D1-D5,14 DIAS, MAX 6 CICLOS,,VO
GDP,QT,DEXAMETASONA ,40MG,"D1, D2, D3, D4",INTERVA. 21 DIAS,MAX 4 CICLOS,ORAL,VO
GDP,QT,CISPLATINA,75 MG,D1,INTERVA. 21 DIAS,MAX 4 CICLOS,INFUS 01 HORAS,EV
GDP,QT,GENCITABINA,1000 MG,D1 E D8,INTERVA. 21 DIAS,MAX 4 CICLOS,INFUS 30 MIN,EV
GDP,QT,FILGRASTIMA (G-CSF),300MCG,D9 - D15,INTERVA. 21 DIAS,MAX 6 CICLOS,SUBCUTANEO,SC
GDP,PRE-QT,ONDASENTRONA ,8 MG,D1,21 DIAS,ATE PROGRESSAO,30 MIN,EV
GDP,PRE-QT,MANITOL 20 % EM Y COM CISPLATINA,250 ML,D1,21 DIAS,MAX. 3 CICLOS,1 HORA,EV
GDP,PRE-QT,"SORO FISIOLOGICO 0,9 % PRE E POS CDDP",500 ML,D1,21 DIAS,MAX. 3 CICLOS,1 HORA,EV
GEMOX,QT,GENCITABINA,1000 MG,D1,INTERVA. 21 DIAS,MAX 4 CICLOS,INFUS 30 MIN,EV
GEMOX,QT,OXALIPLATINA,100 MG,D1,INTERVA. 21 DIAS,MAX 4 CICLOS,INFUS 2 HORAS,EV
GEMOX,PRE-QT,ONDASENTRONA ,16 MG,D1,21 DIAS,MAX 6 CICLOS,30 MIN,EV
GEMOX,PRE-QT,DEXAMETASONA,20 MG,D1,21 DIAS,MAX 6 CICLOS,30 MIN,EV
GENZAR + CARBO (BEXIGA),QT,CARBOPLATINA,ADICIONAR DOSE,D1,INTERVA. 21 DIAS,MAX 10,INFUS 1 HORA,EV
GENZAR + CARBO (BEXIGA),QT,GENCITABINA,1000 MG,"D1,D8",INTERVA. 21 DIAS,MAX 10,INFUS 30 MIN,EV
GENZAR + CARBO (BEXIGA),PRE-QT,DEXAMETASONA,20 MG,"D1,D8",21 DIAS,MAX. 10 CICLOS,30 MIN,EV
GENZAR + CARBO (BEXIGA),PRE-QT,ONDASENTRONA ,16 MG,"D1, D8",21 DIAS,MAX. 10 CICLOS,30 MIN,EV
GENZAR + CARBO (MAMA),QT,CARBOPLATINA,ADICIONAR DOSE,D1,INTERVA. 21 DIAS,MAX 4 CICLOS,INFUS 1 HORA,EV
GENZAR + CARBO (MAMA),QT,GENCITABINA,750 MG,"D1, D8",INTERVA. 21 DIAS,MAX 4 CICLOS,INFUS 30 MIN,EV
GENZAR + CARBO (MAMA),PRE-QT,ONDASENTRONA ,16 MG,D1,,,,EV
GENZAR + CARBO (MAMA),PRE-QT,DEXAMETASONA,20 MG,D1,,,,EV
GENZAR + CARBO (MAMA),PRE-QT,"SORO FISIOLOGICO 0,9 %",100 ML,,,,,EV
GENZAR + CARBO (PULMÃO),QT,GENCITABINA,1000 MG,"D1,D8",INTERVA. 21 DIAS,MAX 10,INFUS 30 MIN,EV
GENZAR + CARBO (PULMÃO),QT,CARBOPLATINA,ADICIONAR DOSE,"D1,D8",INTERVA. 21 DIAS,MAX 10,INFUS 1 HORA,EV
GENZAR + CARBO (PULMÃO),PRE-QT,ONDASENTRONA ,16 MG,"D1, D8",21 DIAS,MAX. 10 CICLOS,30 MIN,EV
GENZAR + CARBO (PULMÃO),PRE-QT,DEXAMETASONA,20 MG,"D1,D8",21 DIAS,MAX. 10 CICLOS,30 MIN,EV
GENZAR + CDDP (BEXIGA - ADAPTADO),QT,CISPLATINA,75 MG,D1,INTERVA. 21 DIAS,MAX. 8 CICLOS,INFUS 1 HORA,EV
GENZAR + CDDP (BEXIGA - ADAPTADO),QT,GENCITABINA,1000 MG,"D1, D8. D15",INTERVA. 21 DIAS,MAX. 8 CICLOS,INFUS 30 MIN,EV
GENZAR + CDDP (BEXIGA - ADAPTADO),QT,ERITROPOETINA 40.000UI,40.000UI,"D1, D8. D15",INTERVA. 7 DIAS,,,
GENZAR + CDDP (BEXIGA - ADAPTADO),QT,FILGRASTIMA (G-CSF),300MCG,D9 - D13,,,,
GENZAR + CDDP (BEXIGA - ADAPTADO),PRE-QT,DEXAMETASONA,20 MG,D1,28 DIAS,MAX. 3 CICLOS,1 HORA,EV
GENZAR + CDDP (BEXIGA - ADAPTADO),PRE-QT,ONDASENTRONA ,16 MG,D1,28 DIAS,MAX. 3 CICLOS,1 HORA,EV
GENZAR + CDDP (BEXIGA - ADAPTADO),PRE-QT,MANITOL 20 % EM Y COM CISPLATINA,250 ML,D1,21 DIAS,MAX. 3 CICLOS,1 HORA,EV
GENZAR + CDDP (BEXIGA - ADAPTADO),PRE-QT,"SORO FISIOLOGICO 0,9 % PRE E POS CDDP",500 ML,D1,21 DIAS,MAX. 3 CICLOS,1 HORA,EV
GENZAR + CDDP (BEXIGA),QT,CISPLATINA,75 MG,D1,INTERVA. 28 DIAS,MAX. 8 CICLOS,INFUS 1 HORA,EV
GENZAR + CDDP (BEXIGA),QT,GENCITABINA,1000 MG,"D1, D8. D15",INTERVA. 28 DIAS,MAX. 8 CICLOS,INFUS 30 MIN,EV
GENZAR + CDDP (BEXIGA),PRE-QT,DEXAMETASONA,20 MG,D1,28 DIAS,MAX. 3 CICLOS,1 HORA,EV
GENZAR + CDDP (BEXIGA),PRE-QT,ONDASENTRONA ,16 MG,D1,28 DIAS,MAX. 3 CICLOS,1 HORA,EV
GENZAR + CDDP (BEXIGA),PRE-QT,MANITOL 20 % EM Y COM CISPLATINA,250 ML,D1,21 DIAS,MAX. 3 CICLOS,1 HORA,EV
GENZAR + CDDP (BEXIGA),PRE-QT,"SORO FISIOLOGICO 0,9 % PRE E POS CDDP",500 ML,D1,21 DIAS,MAX. 3 CICLOS,1 HORA,EV
GENZAR + CDDP (DOENÇA DE HODGKIN),QT,CISPLATINA,75 MG,D1,INTERVA. 21 DIAS,MAX 4 CICLOS,INFUS 1 HORA,EV
GENZAR + CDDP (DOENÇA DE HODGKIN),QT,GENCITABINA,1000 MG,"D1, D8",INTERVA. 21 DIAS,MAX 4 CICLOS,INFUS 30 MIN,EV
GENZAR + CDDP (DOENÇA DE HODGKIN),QT,DEXAMETASONA ,28MG,D1,,MAX 4 CICLOS,USOIMEDIATO,VO
GENZAR + CDDP (DOENÇA DE HODGKIN),QT,DEXAMETASONA ,40MG,D2-D4,,MAX 4 CICLOS,USOIMEDIATO,VO
GENZAR + CDDP (DOENÇA DE HODGKIN),PRE-QT,DEXAMETASONA,12 MG,"D1,D4",21 DIAS,MAX. 4 CICLOS,1 HORA,EV
GENZAR + CDDP (DOENÇA DE HODGKIN),PRE-QT,ONDASENTRONA ,16 MG,"D1, D8",21 DIAS,MAX. 4 CICLOS,1 HORA,EV
GENZAR + CDDP (DOENÇA DE HODGKIN),PRE-QT,MANITOL 20 % EM Y COM CISPLATINA,250 ML,D1,21 DIAS,MAX. 4 CICLOS,1 HORA,EV
GENZAR + CDDP (DOENÇA DE HODGKIN),PRE-QT,"SORO FISIOLOGICO 0,9 % PRE E POS CDDP",500 ML,D1,21 DIAS,MAX. 4 CICLOS,1 HORA,EV
GENZAR + CDDP (DOENÇA DE HODGKIN),PRE-QT,"SORO FISIOLOGICO 0,9 % PRE E POS CDDP",500 ML,D1,21 DIAS,MAX. 3 CICLOS,1 HORA,EV
GENZAR + CDDP (MAMA),QT,GENCITABINA,750 MG,"D1, D8",INTERVA. 21 DIAS,MAX 6 CICLOS,INFUS 30 MIN,EV
GENZAR + CDDP (MAMA),QT,CISPLATINA,30,"D1, D8",INTERVA. 21 DIAS,MAX 6 CICLOS,INFUS 1 HORA,EV
GENZAR + CDDP (MAMA),PRE-QT,ONDASENTRONA ,16 MG,"D1,D8",21 DIAS,MAX 6 CICLOS,30 MIN,EV
GENZAR + CDDP (MAMA),PRE-QT,DEXAMETASONA,20 MG,"D1,D8",21 DIAS,MAX 6 CICLOS,30 MIN,EV
GENZAR + CDDP (MAMA),PRE-QT,MANITOL 20 % EM Y COM CISPLATINA,250 ML,"D1,D8",21 DIAS,,1 HORA,EV
GENZAR + CDDP (MAMA),PRE-QT,"SORO FISIOLOGICO 0,9 % PRE E POS CDDP",500 ML,"D1,D8",21 DIAS,,1 HORA,EV
GENZAR + CDDP (OVÁRIO),QT,GENCITABINA,1000 MG,"D1, D8",INTERVA. 21 DIAS,MAX 6 CICLOS,INFUS 30 MIN,EV
GENZAR + CDDP (OVÁRIO),QT,CISPLATINA,30 MG,"D1, D8",INTERVA. 21 DIAS,MAX 6 CICLOS,INFUS 1 HORA,EV
GENZAR + CDDP (OVÁRIO),PRE-QT,ONDASENTRONA ,16 MG,D1,28 DIAS,MAX. 3 CICLOS,1 HORA,EV
GENZAR + CDDP (OVÁRIO),PRE-QT,DEXAMETASONA,20 MG,D1,28 DIAS,MAX. 3 CICLOS,1 HORA,EV
GENZAR + CDDP (OVÁRIO),PRE-QT,MANITOL 20 % EM Y COM CISPLATINA,250 ML,D1,21 DIAS,MAX. 3 CICLOS,1 HORA,EV
GENZAR + CDDP (OVÁRIO),PRE-QT,"SORO FISIOLOGICO 0,9 % PRE E POS CDDP",500 ML,D1,21 DIAS,MAX. 3 CICLOS,1 HORA,EV
GENZAR + CDDP (PÂNCREAS),QT,GENCITABINA,1000 MG,"D1, D8. D15",INTERVA. 28 DIAS,MAX. 8 CICLOS,INFUS 30 MIN,EV
GENZAR + CDDP (PÂNCREAS),QT,CISPLATINA,50 MG,"D1, 15",INTERVA. 28 DIAS,MAX. 8 CICLOS,INFUS 1 HORA,EV
GENZAR + CDDP (PÂNCREAS),PRE-QT,ONDASENTRONA ,16 MG,"D1,D8",28 DIAS,MAX 6 CICLOS,1 HORA,EV
GENZAR + CDDP (PÂNCREAS),PRE-QT,DEXAMETASONA,10MG,"D1,D8",28 DIAS,MAX 6 CICLOS,1 HORA,EV
GENZAR + CDDP (PÂNCREAS),PRE-QT,MANITOL 20 % EM Y COM CISPLATINA,250 ML,D1,28 DIAS,MAX. 3 CICLOS,1 HORA,EV
GENZAR + CDDP (PÂNCREAS),PRE-QT,"SORO FISIOLOGICO 0,9 % PRE E POS CDDP",500 ML,D1,28 DIAS,MAX. 3 CICLOS,1 HORA,EV
GENZAR + CDDP (PÂNCREAS),PRE-QT,"SORO FISIOLOGICO 0,9 % PRE E POS CDDP",500 ML,"D1,D8",28 DIAS,MAX 6 CICLOS,1 HORA,EV
GENZAR + CDDP (PULMÃO),QT,CISPLATINA,80 MG,D1,INTERVA. 21 DIAS,MAX 6 CICLOS,INFUS 1 HORA,EV
GENZAR + CDDP (PULMÃO),QT,GENCITABINA,1250 MG,"D1, D8",INTERVA. 21 DIAS,MAX 6 CICLOS,INFUS 30 MIN,EV
GENZAR + CDDP (PULMÃO),PRE-QT,DEXAMETASONA,"D1,D8","D1,D8",28 DIAS,MAX 6 CICLOS,30 MIN,EV
GENZAR + CDDP (PULMÃO),PRE-QT,ONDASENTRONA ,16 MG,"D1,D8",28 DIAS,MAX 6 CICLOS,30 MIN,EV
GENZAR + CDDP (PULMÃO),PRE-QT,MANITOL 20 % EM Y COM CISPLATINA,250 ML,"D1,D8",28 DIAS,MAX. 3 CICLOS,1 HORA,EV
GENZAR + CDDP (PULMÃO),PRE-QT,"SORO FISIOLOGICO 0,9 % PRE E POS CDDP",500 ML,"D1,D8",28 DIAS,MAX. 3 CICLOS,1 HORA,EV
GENZAR + CDDP + HERCEPTIN,QT,GENCITABINA,750 MG,"D1, D8",INTERVA. 21 DIAS,MAX 6 CICLOS,INFUS 30 MIN,EV
GENZAR + CDDP + HERCEPTIN,QT,CISPLATINA,30 MG,"D1,D8",INTERVA. 21 DIAS,MAX 6 CICLOS,INFUS 1 HORA,EV
GENZAR + CDDP + HERCEPTIN,QT,TRASTUZUMABE - DOSE ATAQUE,8MG/KG/DIA,D1-C1,INTERVA. 21 DIAS,,INFUS 90 MIN,EV
GENZAR + CDDP + HERCEPTIN,QT,TRASTUZUMABE,6MG/KG/DIA,D1-C2,INTERVA. 21 DIAS,ATE PROGRESSAO,INFUS 30 MIN,EV
GENZAR + CDDP + HERCEPTIN,PRE-QT,ONDASENTRONA ,16 MG,"D1,D8",28 DIAS,MAX 6 CICLOS,30 MIN,EV
GENZAR + CDDP + HERCEPTIN,PRE-QT,DEXAMETASONA,20 MG,"D1,D8",28 DIAS,MAX 6 CICLOS,30 MIN,EV
GENZAR + CDDP + HERCEPTIN,PRE-QT,MANITOL 20 % EM Y COM CISPLATINA,250 ML,"D1,D8",28 DIAS,MAX 6 CICLOS,1 HORA,EV
GENZAR + CDDP + HERCEPTIN,PRE-QT,"SORO FISIOLOGICO 0,9 % PRE E POS CDDP",500 ML,"D1,D8",28 DIAS,MAX 6 CICLOS,1 HORA,EV
GENZAR + TXT ( PULMÃO),QT,GENCITABINA ,1100 MG,"D1,D8",INTERVA. 21 DIAS,MAX 6 CICLOS,INFUS 30 MIN,EV
GENZAR + TXT ( PULMÃO),QT,DOCETAXEL ,100 MG,D8,INTERVA. 21 DIAS,MAX 6 CICLOS,INFUS 1 HORA,EV
GENZAR + TXT ( PULMÃO),PRE-QT,DIFENIDRAMINA,50 MG,D8,28 DIAS,MAX 6 CICLOS,30 MIN,EV
GENZAR + TXT ( PULMÃO),PRE-QT,ONDASENTRONA ,16 MG,"D1,D8",21 DIAS,MAX 6 CICLOS,30 MIN,EV
GENZAR + TXT ( PULMÃO),PRE-QT,DEXAMETASONA,20 MG,"D1,D8",21 DIAS,MAX 6 CICLOS,30 MIN,EV
GENZAR + XELODA,QT,GENCITABINA,1000 MG,"D1,D8,D15",INTER. 28 DIAS,ATE PROGRESSAO,INFUS 30 MIN,EV
GENZAR + XELODA,QT,CAPECITABINA,1660 MG,D1-D21,INTER. 28 DIAS,ATE PROGRESSAO,USO ORAL,EV
GENZAR + XELODA,PRE-QT,ONDASENTRONA ,16 MG,"D1,D8,D15",28 DIAS,MAX 6 CICLOS,30 MIN,EV
GENZAR + XELODA,PRE-QT,DEXAMETASONA,20 MG,"D1,D8,D15",28 DIAS,MAX 6 CICLOS,30 MIN,EV
GENZAR ISOLADA (GASTRO),QT,GENCITABINA,1250 MG,sEManal,INTER. 7 DIAS,MAX 6 CICLOS,INFUS 30 MIN,EV
GENZAR ISOLADA (GASTRO),PRE-QT,ONDASENTRONA ,16 MG,D1,7 DIAS,MAX 6 CICLOS,30 MIN,EV
GENZAR ISOLADA (GASTRO),PRE-QT,DEXAMETASONA,20 MG,D1,7 DIAS,MAX 6 CICLOS,30 MIN,EV
GENZAR ISOLADA (OVÁRIO),QT,GENCITABINA,1000 MG,"D1,D8,D15",INTER. 21 DIAS,MAX 6 CICLOS,INFUS 30 MIN,EV
GENZAR ISOLADA (OVÁRIO),PRE-QT,ONDASENTRONA ,16 MG,D1,7 DIAS,MAX 6 CICLOS,30 MIN,EV
GENZAR ISOLADA (OVÁRIO),PRE-QT,DEXAMETASONA,20 MG,D1,7 DIAS,MAX 6 CICLOS,30 MIN,EV
HERCEPTIN,QT,TRASTUZUMABE - DOSE ATAQUE,8 MG/KG,D1,INTERVA. 21 DIAS,,90 MIN,EV
HERCEPTIN,QT,TRASTUZUMABE,6 MG/KG,D1-C2,INTERVA. 21 DIAS,ATE PROGRESSAO,30 MIN,EV
HERCEPTIN,PRE-QT,ONDASENTRONA ,16 MG,D1,28 DIAS,MAX 6 CICLOS,30 MIN,EV
HERCEPTIN,PRE-QT,DEXAMETASONA,20 MG,D1,28 DIAS,MAX 6 CICLOS,30 MIN,EV
HERCEPTIN + LAPA,QT,TRASTUZUMABE - DOSE ATAQUE,8 MG/KG,D1,INTERVA. 21 DIAS,,INFUS 90 MIN,EV
HERCEPTIN + LAPA,QT,TRASTUZUMABE,6 MG/KG,D1-C2,INTERVA. 21 DIAS,MAX 6 CICLOS,INFUS 30 MIN,EV
HERCEPTIN + LAPA,QT,LAPATINIBE,1000 MG,USOCONTINUO,,,USO ORAL,VO
HERCEPTIN + LAPA,PRE-QT,ONDASENTRONA ,16 MG,D1,21 DIAS,MAX 6 CICLOS,30 MIN,EV
HERCEPTIN + LAPA,PRE-QT,DEXAMETASONA,20 MG,D1,21 DIAS,MAX 6 CICLOS,30 MIN,EV
HERCEPTIN + PERJETA,QT,TRASTUZUMABE - DOSE ATAQUE,8MG/KG,D1-C1,,,90 MIN,EV
HERCEPTIN + PERJETA,QT,TRASTUZUMABE,6MG/KG,D1-C2,INTERVA. 21 DIAS,ATE PROGRESSAO,30 MIN,EV
HERCEPTIN + PERJETA,QT,PERTUZUMABE -DOSE ATAQUE,840MG,D1-C1,,,,
HERCEPTIN + PERJETA,QT,PERTUZUMABE ,420MG,D1-C2,,,,
HERCEPTIN + PERJETA,PRE-QT,ONDASENTRONA ,16 MG,D1,21 DIAS,MAX 4 CICLOS,30 MIN,EV
HERCEPTIN + PERJETA,PRE-QT,DEXAMETASONA,20 MG,D1,21 DIAS,MAX 4 CICLOS,30 MIN,EV
HERCEPTIN + PERJETA,PRE-QT,DIFENIDRAMINA,50 MG,D1,21 DIAS,MAX. 4 CICLOS,30 MIN,EV
ICE,QT,ETOPOSIDO,100 MG,D1-D3,-,MAX 4 CICLOS,ANTES DO TRANSPLANTE,EV
ICE,QT,IFOSFAMIDA,1500 MG,D1-D3,-,MAX 4 CICLOS,ANTES DO TRANSPLANTE,EV
ICE,QT,MESNA,1500 MG,D1-D3,"0,4 E 8HORAS",MAX 4 CICLOS,APOS IFOSFAMIDA,VO
ICE,QT,CARBOPLATINA,ADICIONAR DOSE,D2,-,MAX 4 CICLOS,ANTES DO TRANSPLANTE,EV
ICE,QT,FILGRASTIMA (G-CSF),5MCG/KG/DIA,D4-D11,INTERVA. 07 DIAS,MAX 4 CICLOS,ANTES DO TRANSPLANTE,SC
ICE,PRE-QT,HIDROCORTISONA,100 MG,D1-D12,-,ATE PROGRESSAO,30 MIN,EV
ICE,PRE-QT,PARACETAMOL,750 MG,D1-D12,-,ATE PROGRESSAO,30 MIN,VO
ICE,PRE-QT,ONDASENTRONA ,8 MG,D1-D12,-,ATE PROGRESSAO,30 MIN,EV
IFL + AVASTIN,QT,IRINOTECANO,125 MG,"D1,D8,D15,D22",INT. 28 DIAS,ATE PROGRESSAO,INFUS 90 MIN,EV
IFL + AVASTIN,QT,ÁCIDO FOLÍNICO,20 MG,"D1,D8,D15,D22",INT. 28 DIAS,ATE PROGRESSAO,BOLUS,EV
IFL + AVASTIN,QT,FLUORURACILA,500 MG,"D1,D8,D15,D22",INT. 28 DIAS,ATE PROGRESSAO,BOLUS,EV
IFL + AVASTIN,QT,BEVACIZUMABE,5MG/KG/DIA,"D1,D15",INT. 14/42 DIAS,ATE PROGRESSAO,"90 MIN 1º INFUSAO, 60 MIN 2º INFUSAO, 30 MIN 3º INFUSAO.",EV
IFL + AVASTIN,PRE-QT,ONDASENTRONA ,16 MG,"D1,D8,D15,D22",,,30 MIN,EV
IFL + AVASTIN,PRE-QT,DEXAMETASONA,20 MG,"D1,D8,D15,D22",,,30 MIN,EV
IFL + AVASTIN,PRE-QT,ATROPINA,"0,25MG","D1,D8,D15,D22",,,IMEDIATO,EV
IFL CLÁSSICO,QT,IRINOTECANO,100 MG,"D1,D8,D15,D22",INT. 42 DIAS,ATE PROGRESSAO,INFUS 90 MIN,EV
IFL CLÁSSICO,QT,ÁCIDO FOLÍNICO,20 MG,"D1,D8,D15,D22",INT. 42 DIAS,ATE PROGRESSAO,BOLUS,EV
IFL CLÁSSICO,QT,FLUORURACILA,500 MG,"D1,D8,D15,D22",INT. 42 DIAS,ATE PROGRESSAO,BOLUS,EV
IFL CLÁSSICO,PRE-QT,ONDASENTRONA ,16 MG,"D1,D8,D15,D22",,,30 MIN,EV
IFL CLÁSSICO,PRE-QT,DEXAMETASONA,20 MG,"D1,D8,D15,D22",,,30 MIN,EV
IFL CLÁSSICO,PRE-QT,ATROPINA,"0,25MG","D1,D8,D15,D22",,,IMEDIATO,EV
IFL MODIFICADO,QT,IRINOTECANO,100 MG,D1 E D8,INTERVA. 21 DIAS,ATE PROGRESSAO,INFUS 90 MIN,EV
IFL MODIFICADO,QT,ÁCIDO FOLÍNICO,20 MG,D1 E D8,INTERVA. 21 DIAS,ATE PROGRESSAO,BOLUS,EV
IFL MODIFICADO,QT,FLUORURACILA,500 MG,D1 E D8,INTERVA. 21 DIAS,ATE PROGRESSAO,BOLUS,EV
IFL MODIFICADO,PRE-QT,ONDASENTRONA ,16 MG,,21 DIAS,ATE PROGRESSAO,30 MIN,EV
IFL MODIFICADO,PRE-QT,DEXAMETASONA,20 MG,,21 DIAS,ATE PROGRESSAO,30 MIN,EV
IFL MODIFICADO,PRE-QT,ATROPINA,"0,25MG",,21 DIAS,ATE PROGRESSAO,IMEDIATO,EV
IMVP-16,QT,FLUORURACILA,100 MG,D1-D3,INTERVA. 21 DIAS,ATE PROGRESSAO,INFUS 2 HORAS,EV
IMVP-16,QT,IFOSFAMIDA,1000 MG,D1-D5,INTERVA. 21 DIAS,ATE PROGRESSAO,INFUS 1 HORA ,EV
IMVP-16,QT,ETOPOSIDO,30 MG,"D3,D10",INTERVA. 21 DIAS,ATE PROGRESSAO,INFUS 15 MIN,EV
IMVP-16,PRE-QT,MESNA,1000,D1-D5,21 DIAS,MAX 6 CICLOS,30 MIN,EV
IMVP-16,PRE-QT,ONDASENTRONA ,16 MG,"D1-D5,D10",21 DIAS,MAX 6 CICLOS,30 MIN,EV
IMVP-16,PRE-QT,DEXAMETASONA,20 MG,"D1-D5,D10",21 DIAS ,MAX 6 CICLOS,30 MIN,EV
INFLIXIMABE,QT,INFLIXIMABE,5MG/KG/DIA,SEMana 0,DOSE ATAQUE,1/3 CICLOS,INFUS 02 HORAS,EV
INFLIXIMABE,QT,INFLIXIMABE,5MG/KG/DIA,SEMana 2,DOSE ATAQUE,2/3 CICLOS,INFUS 02 HORAS,EV
INFLIXIMABE,QT,INFLIXIMABE,5MG/KG/DIA,SEMana 6,DOSE ATAQUE,3/3 CICLOS,INFUS 02 HORAS,EV
INFLIXIMABE,QT,INFLIXIMABE,5MG/KG/DIA,MANUTENCAO,DE 4/4 SEMANAS,,INFUS 02 HORAS,EV
INFLIXIMABE,QT,INFLIXIMABE,5MG/KG/DIA,MANUTENCAO,OU 8/8 SEMANAS,,INFUS 02 HORAS,EV
INFLIXIMABE,PRE-QT,HIDROCORTISONA,100MG,,,,30 MIN,EV
IRI SEMANAL,QT,IRINOTECANO,125 MG,"D1,D8,D15,D22",INTERVA. 35 DIAS,mín 4 CICLOS,INFUS 90 MIN,EV
IRI SEMANAL,PRE-QT,ATROPINA,"0,25MG","D1,D8,D15,D22",35 DIAS,MIN. 4 CICLOS,IMEDIATO,EV
IRI SEMANAL,PRE-QT,DEXAMETASONA,20 MG,"D1,D8,D15,D22",35 DIAS,MIN. 4 CICLOS,30 MIN,EV
IRI SEMANAL,PRE-QT,ONDASENTRONA ,16 MG,"D1,D8,D15,D22",35 DIAS,MIN. 4 CICLOS,30 MIN,EV
MABTHERA (HEMATO),QT,RITUXIMABE - 1ª INFUS,375 MG,D1,INTERVA. 7 DIAS,MAX 4 CICLOS,1ª INFUS 5 HORAS,EV
MABTHERA (HEMATO),QT,RITUXIMABE - INFUS POSTER.,375 MG,D1,INTERVA. 7 DIAS,MAX 4 CICLOS,INFUS 3 HORAS,EV
MABTHERA (HEMATO),PRE-QT,DIFENIDRAMINA,30 MG,D1,7 DIAS,MAX 4 CICLOS,30 MIN,EV
mFOLFOX6 ,QT,OXALIPLATINA,85 MG,D1,INTERVA. 14 DIAS,MAX. 12 CICLOS,INFUS 2 HORAS,EV
mFOLFOX6 ,QT,ÁCIDO FOLÍNICO,400 MG,D1,INTERVA. 14 DIAS,MAX. 12 CICLOS,INFUS 2 HORAS,EV
mFOLFOX6 ,QT,FLUORURACILA,400 MG,D1,INTERVA. 14 DIAS,MAX. 12 CICLOS,INFUS 30 MIN,EV
mFOLFOX6 ,QT,FLUORURACILA,2400 MG,D1,INTERVA. 14 DIAS,MAX. 12 CICLOS,bomba DE infusão 46h,EV
mFOLFOX6 ,PRE-QT,ONDASENTRONA ,16 MG,D1,14 DIAS,,30 MIN,EV
mFOLFOX6 ,PRE-QT,DEXAMETASONA,20 MG,D1,14 DIAS,,30 MIN,EV
mFOLFOX6 + BEVACIZUMABE,QT,OXALIPLATINA,85 MG,D1,INTERVA. 14 DIAS,MAX. 12 CICLOS,INFUS 2 HORAS,EV
mFOLFOX6 + BEVACIZUMABE,QT,ÁCIDO FOLÍNICO,350 MG ,D1,INTERVA. 14 DIAS,MAX. 12 CICLOS,INFUS 2 HORAS,EV
mFOLFOX6 + BEVACIZUMABE,QT,FLUORURACILA,400 MG,D1,INTERVA. 14 DIAS,MAX. 12 CICLOS,INFUS 30 MIN,EV
mFOLFOX6 + BEVACIZUMABE,QT,FLUORURACILA,2400 MG,D1,INTERVA. 14 DIAS,MAX. 12 CICLOS,bomba DE infusão 46h,EV
mFOLFOX6 + BEVACIZUMABE,QT,BEVACIZUMABE,5MG/KG/DIA,D1,INTERVA. 14 DIAS,MAX. 12 CICLOS,"90 MIN 1º INFUSAO, 60 MIN 2º INFUSAO, 30 MIN 3º INFUSAO.",EV
mFOLFOX6 + BEVACIZUMABE,PRE-QT,ONDASENTRONA ,16 MG,D1,14 DIAS,,30 MIN,EV
mFOLFOX6 + BEVACIZUMABE,PRE-QT,DEXAMETASONA,20 MG,D1,14 DIAS,,30 MIN,EV
MINI R-CHOP,QT,CICLOFOSFAMIDA,400 MG,D1,INTERVA. 21 DIAS,ATE PROGRESSAO,1 HORA,EV
MINI R-CHOP,QT,DOXORRUBICINA,25 MG,D1,INTERVA. 21 DIAS,ATE PROGRESSAO,BOLUS,EV
MINI R-CHOP,QT,RITUXIMABE,375 MG,D1,INTERVA. 21 DIAS,ATE PROGRESSAO,"1ª INFUS 5 HORAS, POSTERIOR 3 HORAS",EV
MINI R-CHOP,QT,VINCRISTINA MAX 2 MG,1MG,D1,INTERVA. 21 DIAS,ATE PROGRESSAO,BOLUS,EV
MINI R-CHOP,QT,PREDNISONA,40 MG,"D1,D2,D3,D4,D5",INTERVA. 21 DIAS,ATE PROGRESSAO,USO ORAL,VO
MINI R-CHOP,PRE-QT,HIDROCORTISONA,100 MG,D1,21 DIAS,ATE PROGRESSAO,30 MIN,EV
MINI R-CHOP,PRE-QT,ONDASENTRONA ,8 MG,D1,21 DIAS,ATE PROGRESSAO,30 MIN,EV
MINI R-CHOP,PRE-QT,DIFENIDRAMINA,50 MG,D1,21 DIAS,ATE PROGRESSAO,30 MIN,EV
MINI R-CHOP,PRE-QT,PARACETAMOL,750 MG,D1,21 DIAS,ATE PROGRESSAO,30 MIN,VO
NORIPURUM,QT,"HIDRÓXIDO FERRO 20MG/ML - 5ML -    EM SF 0,9% 250ML",200MG,D1,,,INFUS 30 MIN,EV
OCTREOTIDE,QT,OCTREOTIDE,200 MCG,3 VEZES AO DIA,USOCONTINUO,ATE PROGRESSAO,SUBCUTANEO,SC
OXA + IRINO,QT,OXALIPLATINA,85 MG,"D1,D15",INTER. 14 DIAS,MAX 6 CICLOS,INFUS 2 HORAS,EV
OXA + IRINO,QT,IRINOTECANO,125 MG,"D1,D15",INTER. 14 DIAS,MAX 6 CICLOS,INFUS 90 MIN,EV
OXA + IRINO,PRE-QT,ONDASENTRONA ,16 MG,"D1,D15",28 DIAS,MAX 6 CICLOS,30 MIN,EV
OXA + IRINO,PRE-QT,DEXAMETASONA,20 MG,"D1, D15",28 DIAS,MAX 6 CICLOS,30 MIN,EV
OXA + IRINO,PRE-QT,ATROPINA,"0,5 MG","D1,D15",28 DIAS,MAX 6 CICLOS,IMEDIATO,EV
QUASAR,QT,ÁCIDO FOLÍNICO,25 MG,sEManal,USOCONTINUO,MAX. 30 CICLOS,INFUS 2 HORAS,EV
QUASAR,QT,FLUORURACILA,370 MG,sEManal,USOCONTINUO,MAX. 30 CICLOS,INFUS 30 MIN,EV
QUASAR,PRE-QT,ONDASENTRONA ,8 MG,sEManal,7 DIAS,MAX 6 CICLOS,30 MIN,EV
R-CHOP,QT,CICLOFOSFAMIDA,750 MG,D1,INTERVA. 21 DIAS,ATE PROGRESSAO,1 HORA,EV
R-CHOP,QT,DOXORRUBICINA,50 MG,D1,INTERVA. 21 DIAS,ATE PROGRESSAO,BOLUS,EV
R-CHOP,QT,RITUXIMABE,375 MG,D1,INTERVA. 21 DIAS,ATE PROGRESSAO,"1ª INFUS 5 HORAS, POSTERIOR 3 HORAS",EV
R-CHOP,QT,VINCRISTINA MAX 2 MG,"1,4 (≤ 2MG)",D1,INTERVA. 21 DIAS,ATE PROGRESSAO,BOLUS,EV
R-CHOP,QT,PREDNISONA,40 MG,"D1,D2,D3,D4,D5",INTERVA. 21 DIAS,ATE PROGRESSAO,USO ORAL,VO
R-CHOP,PRE-QT,HIDROCORTISONA,100 MG,D1,21 DIAS,ATE PROGRESSAO,30 MIN,EV
R-CHOP,PRE-QT,ONDASENTRONA ,8 MG,D1,21 DIAS,ATE PROGRESSAO,30 MIN,EV
R-CHOP,PRE-QT,DIFENIDRAMINA,50 MG,D1,21 DIAS,ATE PROGRESSAO,30 MIN,EV
R-CHOP,PRE-QT,PARACETAMOL,750 MG,D1,21 DIAS,ATE PROGRESSAO,30 MIN,VO
R-COP,QT,CICLOFOSFAMIDA,750 MG,D1,INTERVA. 21 DIAS,ATE PROGRESSAO,1 HORA,EV
R-COP,QT,VINCRISTINA MAX 2 MG,"1,4 (≤ 2MG)",D1,INTERVA. 21 DIAS,ATE PROGRESSAO,BOLUS,EV
R-COP,QT,PREDNISONA,40 MG,"D1,D2,D3,D4,D5",INTERVA. 21 DIAS,ATE PROGRESSAO,USO ORAL,VO
R-COP,QT,RITUXIMABE,375 MG,D1,INTERVA. 21 DIAS,ATE PROGRESSAO,"1ª INFUS 5 HORAS, POSTERIOR 3 HORAS",EV
R-COP,PRE-QT,HIDROCORTISONA,100 MG,D1,21 DIAS,ATE PROGRESSAO,30 MIN,EV
R-COP,PRE-QT,DIFENIDRAMINA,50 MG,D1,21 DIAS,ATE PROGRESSAO,30 MIN,EV
R-COP,PRE-QT,PARACETAMOL,750 MG,D1,21 DIAS,ATE PROGRESSAO,30 MIN,VO
R-DHAP,QT,RITUXIMABE,375 MG,D1,INTERVA. 21 OU 28 DIAS ,ATE PROGRESSAO,INFUS 6 HORAS,EV
R-DHAP,QT,CISPLATINA,100 MG,D1 E D2,INTERVA. 21 OU 28 DIAS ,ATE PROGRESSAO,INFUS 2 HORAS,EV
R-DHAP,QT,DEXAMETASONA ,40 MG,D1-D4,INTERVA. 21 OU 28 DIAS ,ATE PROGRESSAO,-,VO
R-DHAP,QT,CITARABINA,2000 MG,D2 E D3,INTERVA. 21 OU 28 DIAS ,ATE PROGRESSAO,INFUS 2 HORAS,EV
R-DHAP,PRE-QT,DIFENIDRAMINA,50MG,D1,21 OU 28 DIAS,ATE PROGRESSAO,1 HORA,EV
R-DHAP,PRE-QT,ONDASENTRONA ,8MG,D1 - D3,21 OU 28 DIAS,ATE PROGRESSAO,1 HORA,EV
R-DHAP,PRE-QT,MANITOL 20 % EM Y COM CISPLATINA,250 ML,D1,21 OU 28 DIAS,ATE PROGRESSAO,1 HORA,EV
R-DHAP,PRE-QT,"SORO FISIOLOGICO 0,9 % PRE E POS CDDP",500 ML,D1,21 OU 28 DIAS,ATE PROGRESSAO,1 HORA,EV
R-DHAP (ADAPTADO),QT,RITUXIMABE,375 MG,D1,INTERVA. 21 OU 28 DIAS ,ATE PROGRESSAO,INFUS 6 HORAS,EV
R-DHAP (ADAPTADO),QT,CISPLATINA,100 MG,D1 E D2,INTERVA. 21 OU 28 DIAS ,ATE PROGRESSAO,INFUS 2 HORAS,EV
R-DHAP (ADAPTADO),QT,DEXAMETASONA ,40 MG,D1-D3,INTERVA. 21 OU 28 DIAS ,ATE PROGRESSAO,INFUS 50ML DE SF,EV
R-DHAP (ADAPTADO),QT,CITARABINA,2000 MG,D2 E D3,INTERVA. 21 OU 28 DIAS ,ATE PROGRESSAO,INFUS 2 HORAS,EV
R-DHAP (ADAPTADO),PRE-QT,DIFENIDRAMINA,50MG,D1,21 OU 28 DIAS,ATE PROGRESSAO,1 HORA,EV
R-DHAP (ADAPTADO),PRE-QT,ONDASENTRONA ,8MG,D1 - D3,21 OU 28 DIAS,ATE PROGRESSAO,1 HORA,EV
R-DHAP (ADAPTADO),PRE-QT,MANITOL 20 % EM Y COM CISPLATINA,250 ML,D1,21 OU 28 DIAS,ATE PROGRESSAO,1 HORA,EV
R-DHAP (ADAPTADO),PRE-QT,"SORO FISIOLOGICO 0,9 % PRE E POS CDDP",500 ML,D1,21 OU 28 DIAS,ATE PROGRESSAO,1 HORA,EV
R-DHAP (ADAPTADO 2),QT,RITUXIMABE,375 MG,D1,INTERVA. 21 ,ATE PROGRESSAO,INFUS 6 HORAS,EV
R-DHAP (ADAPTADO 2),QT,CISPLATINA,25 MG,D1-D4,INTERVA. 21 ,ATE PROGRESSAO,INFUS 2 HORAS,EV
R-DHAP (ADAPTADO 2),QT,DEXAMETASONA ,40 MG,D1-D4,INTERVA. 21 ,ATE PROGRESSAO,INFUS 50ML DE SF,EV
R-DHAP (ADAPTADO 2),QT,CITARABINA,2000 MG,D2 E D3,INTERVA. 21 ,ATE PROGRESSAO,INFUS 2 HORAS,EV
R-DHAP (ADAPTADO 2),QT,FILGRASTIMA (G-CSF),300MCG,D4-D08,INTERVA. 21 ,,USOIMEDIATO,SC
R-DHAP (ADAPTADO 2),PRE-QT,DIFENIDRAMINA,25MG,D1 - D4,21 DIAS,ATE PROGRESSAO,1 HORA,EV
R-DHAP (ADAPTADO 2),PRE-QT,ONDASENTRONA ,16MG,D1 - D4,21 DIAS,ATE PROGRESSAO,1 HORA,EV
R-DHAP (ADAPTADO 2),PRE-QT,MANITOL 20 % EM Y COM CISPLATINA,250 ML,D1 - D4,21 DIAS,ATE PROGRESSAO,1 HORA,EV
R-DHAP (ADAPTADO 2),PRE-QT,"SORO FISIOLOGICO 0,9 % PRE E POS CDDP",500 ML,D1 - D4,21 DIAS,ATE PROGRESSAO,1 HORA,EV
RFC,QT,RITUXIMABE - 1ª INFUS,500 MG,D1,INTERVA. 28 DIAS,ATE PROGRESSAO,1ª INFUS 5 HORAS,EV
RFC,QT,RITUXIMABE - INFUS POSTER.,500 MG,D1,INTERVA. 28 DIAS,ATE PROGRESSAO,INFUS 3 HORAS,EV
RFC,QT,CICLOFOSFAMIDA,250 MG,D1-D3,INTERVA. 28 DIAS,ATE PROGRESSAO,INFUS 30 MIN,EV
RFC,QT,FLUDARABINA,25 MG,D1-D3,INTERVA. 28 DIAS,ATE PROGRESSAO,INFUS 30 MIN,EV
RFC,PRE-QT,DEXAMETASONA,20 MG,D1-D3,28 DIAS,ATE PROGRESSAO,30 MIN,EV
RFC,PRE-QT,ONDASENTRONA ,16 MG,D1-D3,28 DIAS,ATE PROGRESSAO,30 MIN,EV
RFC,PRE-QT,DIFENIDRAMINA,30 MG,D1-D3,28 DIAS,ATE PROGRESSAO,30 MIN,EV
RFC - LITE,QT,RITUXIMABE - 1ª INFUS,500 MG,D1,INTERVA. 28 DIAS,ATE PROGRESSAO,1ª INFUS 5 HORAS,EV
RFC - LITE,QT,RITUXIMABE - INFUS POSTER.,500 MG,D1,INTERVA. 28 DIAS,ATE PROGRESSAO,INFUS 3 HORAS,EV
RFC - LITE,QT,CICLOFOSFAMIDA,150 MG,D1-D3,INTERVA. 28 DIAS,ATE PROGRESSAO,INFUS 30 MIN,EV
RFC - LITE,QT,FLUDARABINA,12 MG,D1-D3,INTERVA. 28 DIAS,ATE PROGRESSAO,INFUS 30 MIN,EV
RFC - LITE,PRE-QT,DEXAMETASONA,20 MG,D1-D3,28 DIAS,ATE PROGRESSAO,30 MIN,EV
RFC - LITE,PRE-QT,ONDASENTRONA ,16 MG,D1-D3,28 DIAS,ATE PROGRESSAO,30 MIN,EV
RFC - LITE,PRE-QT,DIFENIDRAMINA,30 MG,D1-D3,28 DIAS,ATE PROGRESSAO,30 MIN,EV
R-GDP,QT,"SORO FISIOLÓGICO 0,9 % 500 ML PRÉ E PÓS CDDP",500ML,D1,INTERVA. 21 DIAS,MAX 4 CICLOS,INFUS 30 MIN,EV
R-GDP,QT,DEXAMETASONA ,40MG,D1-D4,INTERVA. 21 DIAS,MAX 4 CICLOS,VIA ORAL,VO
R-GDP,QT,RITUXIMABE,375MG,D1,INTERVA. 21 DIAS,MAX 4 CICLOS,INFUS 04 HORAS,EV
R-GDP,QT,CISPLATINA,75MG,D1,INTERVA. 21 DIAS,MAX 4 CICLOS,INFUS 01 HORAS,EV
R-GDP,QT,GENCITABINA,1000MG,D1 E D8,INTERVA. 21 DIAS,MAX 4 CICLOS,INFUS 30 MIN,EV
R-GDP,PRE-QT,HIDROCORTISONA,100 MG,D1,21 DIAS,ATE PROGRESSAO,30 MIN,EV
R-GDP,PRE-QT,DIFENIDRAMINA,50 MG,D1,21 DIAS,ATE PROGRESSAO,30 MIN,EV
R-GDP,PRE-QT,ONDASENTRONA ,8 MG,D1,21 DIAS,ATE PROGRESSAO,30 MIN,EV
R-GDP,PRE-QT,PARACETAMOL,750 MG,D1,21 DIAS,ATE PROGRESSAO,30 MIN,VO
R-GDP,PRE-QT,MANITOL 20 % EM Y COM CISPLATINA,250 ML,D1,21 DIAS,ATE PROGRESSAO,1 HORA,EV
R-GDP,PRE-QT,"SORO FISIOLOGICO 0,9 % PRE E POS CDDP",500 ML,D1,21 DIAS,ATE PROGRESSAO,1 HORA,EV
R-GEMOX,QT,RITUXIMABE,375MG,D1,INTERVA. 14 DIAS,MAX. 8 CICLOS,INFUS 04 HORAS,EV
R-GEMOX,QT,GENCITABINA,1000MG,D2,INTERVA. 14 DIAS,MAX. 8 CICLOS,INFUS 30 MIN,EV
R-GEMOX,QT,OXALIPLATINA,100MG,D2,INTERVA. 14 DIAS,MAX. 8 CICLOS,INFUS 02 HORAS,EV
R-GEMOX,PRE-QT,HIDROCORTISONA,100 MG,D1,21 DIAS,ATE PROGRESSAO,30 MIN,EV
R-GEMOX,PRE-QT,ONDASENTRONA ,8 MG,D1,21 DIAS,ATE PROGRESSAO,30 MIN,EV
R-GEMOX,PRE-QT,DIFENIDRAMINA,50 MG,D1,21 DIAS,ATE PROGRESSAO,30 MIN,EV
R-GEMOX,PRE-QT,PARACETAMOL,750 MG,D1,21 DIAS,ATE PROGRESSAO,30 MIN,VO
R-ICE,QT,RITUXIMABE,375MG,D1,-,MAX 4 CICLOS,ANTES DO TRANSPLANTE,EV
R-ICE,QT,ETOPOSIDO,100MG,D1-D3,-,MAX 4 CICLOS,ANTES DO TRANSPLANTE,EV
R-ICE,QT,IFOSFAMIDA,1500MG,D1-D3,-,MAX 4 CICLOS,ANTES DO TRANSPLANTE,EV
R-ICE,QT,MESNA,1500MG,D1-D3,"0,4 E 8HORAS",MAX 4 CICLOS,APOS IFOSFAMIDA,VO
R-ICE,QT,CARBOPLATINA,ADICIONAR DOSE,D2,-,MAX 4 CICLOS,ANTES DO TRANSPLANTE,EV
R-ICE,QT,FILGRASTIMA (G-CSF),5MCG/KG/DIA,D4-D11,INTERVA. 07 DIAS,MAX 4 CICLOS,INFUS 4 HORAS,SC
R-ICE,PRE-QT,HIDROCORTISONA,100 MG,D1,21 DIAS,ATE PROGRESSAO,30 MIN,EV
R-ICE,PRE-QT,ONDASENTRONA ,8 MG,D1,21 DIAS,ATE PROGRESSAO,30 MIN,EV
R-ICE,PRE-QT,PARACETAMOL,750 MG,D1,21 DIAS,ATE PROGRESSAO,30 MIN,VO
R-ICE,PRE-QT,DIFENIDRAMINA,50 MG,D1,21 DIAS,ATE PROGRESSAO,30 MIN,EV
R-ICE ADAPTADO,QT,RITUXIMABE,375 MG,D1,INTERVA. 28 DIAS,MAX 6 CICLOS,INFUS 1 HORA,EV
R-ICE ADAPTADO,QT,ETOPOSIDO,100 MG,D1-D3,INTERVA. 28 DIAS,MAX 6 CICLOS,INFUS 1 HORA,EV
R-ICE ADAPTADO,QT,IFOSFAMIDA,1500 MG,D1-D3,INTERVA. 28 DIAS,MAX 6 CICLOS,INFUS 1 HORA,EV
R-ICE ADAPTADO,QT,MESNA,500 MG,D1-D3,"0,4 E 8HORAS",MAX 6 CICLOS,APOS IFOSFAMIDA,VO
R-ICE ADAPTADO,QT,CARBOPLATINA,ADICIONAR DOSE,D2,INTERVA. 28 DIAS,MAX 6 CICLOS,INFUS 1 HORA,EV
R-ICE ADAPTADO,QT,FILGRASTIMA (G-CSF),300MCG,D4-D13,INTERVA. 07 DIAS,MAX 6 CICLOS,USOIMEDIATO,SC
R-ICE ADAPTADO,PRE-QT,DEXAMETASONA,20 MG,D1-D3,28 DIAS,ATE PROGRESSAO,30 MIN,EV
R-ICE ADAPTADO,PRE-QT,ONDASENTRONA ,16 MG,D1-D3,28 DIAS,ATE PROGRESSAO,30 MIN,EV
R-ICE ADAPTADO,PRE-QT,PARACETAMOL,750 MG,D1-D3,28 DIAS,ATE PROGRESSAO,30 MIN,VO
R-ICE ADAPTADO,PRE-QT,DIFENIDRAMINA,25 MG,D1-D3,28 DIAS,ATE PROGRESSAO,30 MIN,EV
SUNITINIB,QT,SUNITINIBE,"37,5 MG",USOCONTINUO,,ATE PROGRESSAO,USO ORAL,VO
TAC,QT,DOCETAXEL,75 MG,D1,INTERVA. 21 DIAS,MAX 6 CICLOS,INFUS 1 HORA,EV
TAC,QT,DOXORRUBICINA,50 MG,D1,INTERVA. 21 DIAS,MAX 6 CICLOS,INFUS 15 MIN,EV
TAC,QT,CICLOFOSFAMIDA,500 MG,D1,INTERVA. 21 DIAS,MAX 6 CICLOS,INFUS 30 MIN,EV
TAC,PRE-QT,DEXAMETASONA,20 MG,D1,21 DIAS,ATE PROGRESSAO,30 MIN,EV
TAC,PRE-QT,ONDASENTRONA ,16 MG,D1,21 DIAS,ATE PROGRESSAO,30 MIN,EV
TAC,PRE-QT,DIFENIDRAMINA,50MG,D1,21 DIAS,ATE PROGRESSAO,30 MIN,EV
TAXOL,QT,PACLITAXEL,80 MG,D1,INTERVA. 7 DIAS,X,3 HORAS,EV
TAXOL,PRE-QT,ONDASENTRONA,16 MG,D1,7 DIAS,ATE PROGRESSAO,30 MIN,EV
TAXOL,PRE-QT,DEXAMETASONA,20 MG,D1,7 DIAS,ATE PROGRESSAO,30 MIN,EV
TAXOL,PRE-QT,DIFENIDRAMINA,50 MG,D1,7 DIAS,ATE PROGRESSAO,30 MIN,EV
TAXOL + AVASTIN (14/14),QT,PACLITAXEL,150 MG,D1,INTERVA. 14 DIAS,MAX 6 CICLOS,3 HORAS,EV
TAXOL + AVASTIN (14/14),QT,BEVACIZUMABE,10MG/KG/DIA,D2,INTERVA. 14 DIAS,ATE PROGRESSAO,"90 MIN 1º INFUSAO, 60 MIN 2º INFUSAO, 30 MIN 3º INFUSAO.",EV
TAXOL + AVASTIN (14/14),PRE-QT,ONDASENTRONA ,16 MG,D1,14 DIAS,MAX 6 CICLOS,30 MIN,EV
TAXOL + AVASTIN (14/14),PRE-QT,DEXAMETASONA,20 MG,D1,14 DIAS,MAX 6 CICLOS,30 MIN,EV
TAXOL + AVASTIN (14/14),PRE-QT,DIFENIDRAMINA,50 MG,D1,21 DIAS,MAX 6 CICLOS,30 MIN,EV
TAXOL + AVASTIN (21/21),QT,PACLITAXEL,150 MG,D1,INTERVA. 21 DIAS,MAX 6 CICLOS,3 HORAS,EV
TAXOL + AVASTIN (21/21),QT,BEVACIZUMABE,15MG/KG/DIA,D2,INTERVA. 21 DIAS,ATE PROGRESSAO,"90 MIN 1º INFUSAO, 60 MIN 2º INFUSAO, 30 MIN 3º INFUSAO.",EV
TAXOL + AVASTIN (21/21),PRE-QT,ONDASENTRONA ,16 MG,D1,21 DIAS,MAX 6 CICLOS,30 MIN,EV
TAXOL + AVASTIN (21/21),PRE-QT,DEXAMETASONA,20 MG,D1,21 DIAS,MAX 6 CICLOS,30 MIN,EV
TAXOL + AVASTIN (21/21),PRE-QT,DIFENIDRAMINA,50 MG,D1,21 DIAS,MAX 6 CICLOS,30 MIN,EV
TAXOL + CARBO,QT,CARBOPLATINA,ADICIONAR DOSE,D1,INTERVA. 21 DIAS,MAX 6 CICLOS,45 MIN,EV
TAXOL + CARBO,QT,PACLITAXEL,80 MG,"D1, D8,D15",INTERVA. 21 DIAS,MAX 6 CICLOS,3 HORAS,EV
TAXOL + CARBO,PRE-QT,DEXAMETASONA,20 MG,"D1,D8,D15",21 DIAS,MAX 6 CICLOS,30 MIN,EV
TAXOL + CARBO,PRE-QT,ONDASENTRONA ,16 MG,"D1,D8,D15",21 DIAS,MAX 6 CICLOS,30 MIN,EV
TAXOL + CARBO,PRE-QT,DIFENIDRAMINA,50 MG,"D1,D8,D15",21 DIAS,MAX 6 CICLOS,30 MIN,EV
TAXOL + CARBO,PRE-QT,FAMOTIDINA,20 MG,"D1,D8,D15",21 DIAS,MAX 6 CICLOS,30 MIN,VO
TAXOL + CARBO (21/21),QT,PACLITAXEL,175 MG,D1,INTERVA. 21 DIAS,MAX 6 CICLOS,3 HORAS,EV
TAXOL + CARBO (21/21),QT,CARBOPLATINA,ADICIONAR DOSE,D1,INTERVA. 21 DIAS,MAX 6 CICLOS,45 MIN,EV
TAXOL + CARBO (21/21),PRE-QT,ONDASENTRONA ,16 MG,D1,21 DIAS,MAX 6 CICLOS,30 MIN,EV
TAXOL + CARBO (21/21),PRE-QT,DEXAMETASONA,20 MG,D1,21 DIAS,MAX 6 CICLOS,30 MIN,EV
TAXOL + CARBO (21/21),PRE-QT,DIFENIDRAMINA,50 MG,D1,21 DIAS,MAX 6 CICLOS,30 MIN,EV
TAXOL + CARBO (21/21),PRE-QT,FAMOTIDINA,20 MG,D1,21 DIAS,MAX 6 CICLOS,,VO
TAXOL + CARBO (7/7),QT,CARBOPLATINA,ADICIONAR DOSE,"D1, D8,D15",INTERVA. 7 DIAS,MAX 15 CICLOS,INFUS 1 HORA,EV
TAXOL + CARBO (7/7),QT,PACLITAXEL,50 MG,"D1, D8,D15",INTERVA. 7 DIAS,MAX 15 CICLOS,INFUS 3 HORAS (D1)/DEPOIS 1 HORA NOS PROXIMOS,EV
TAXOL + CARBO (7/7),PRE-QT,DEXAMETASONA,20 MG,"D1,D8,D15",7 DIAS,MAX 6 CICLOS,30 MIN,EV
TAXOL + CARBO (7/7),PRE-QT,ONDASENTRONA ,16 MG,"D1,D8,D15",7 DIAS,MAX 6 CICLOS,30 MIN,EV
TAXOL + CARBO (7/7),PRE-QT,DIFENIDRAMINA,50 MG,"D1,D8,D15",7 DIAS,MAX 6 CICLOS,30 MIN,EV
TAXOL + CARBO (7/7),PRE-QT,FAMOTIDINA,20 MG,"D1,D8,D15",7 DIAS,MAX 6 CICLOS,30 MIN,VO
TAXOL + CARBO + AVASTIN (21/21),QT,PACLITAXEL,175 MG,D1,INTERVA. 21 DIAS,MAX 6 CICLOS,3 HORAS,EV
TAXOL + CARBO + AVASTIN (21/21),QT,CARBOPLATINA,ADICIONAR DOSE,D1,INTERVA. 21 DIAS,MAX 6 CICLOS,45 MIN,EV
TAXOL + CARBO + AVASTIN (21/21),QT,BEVACIZUMABE,15MG/KG/DIA,D2,INTERVA. 21 DIAS,ATE PROGRESSAO,"90 MIN 1º INFUSAO, 60 MIN 2º INFUSAO, 30 MIN 3º INFUSAO.",EV
TAXOL + CARBO + AVASTIN (21/21),QT,FILGRASTIMA (G-CSF),5MCG/KG/DIA,D2-D6,INTERVA. 21 DIAS,ATE PROGRESSAO,,SC
TAXOL + CARBO + AVASTIN (21/21),PRE-QT,ONDASENTRONA ,16 MG,D1,21 DIAS,MAX 6 CICLOS,30 MIN,EV
TAXOL + CARBO + AVASTIN (21/21),PRE-QT,DEXAMETASONA,20 MG,D1,21 DIAS,MAX 6 CICLOS,30 MIN,EV
TAXOL + CARBO + AVASTIN (21/21),PRE-QT,DIFENIDRAMINA,50 MG,D1,21 DIAS,MAX 6 CICLOS,30 MIN,EV
TAXOL + CARBO + AVASTIN (21/21),PRE-QT,FAMOTIDINA,20 MG,D1,21 DIAS,MAX 6 CICLOS,,VO
TAXOL + GENZAR,QT,PACLITAXEL,80 MG,"D1, D8,D15",INTERVA. 28 DIAS,-,3 HORAS,EV
TAXOL + GENZAR,QT,GENCITABINA,1000 MG,"D1, D8,D15",INTERVA. 28 DIAS,-,30 MIN,EV
TAXOL + GENZAR,PRE-QT,ONDASENTRONA ,16 MG,"D1,D8,D15",21 DIAS,MAX 6 CICLOS,30 MIN,EV
TAXOL + GENZAR,PRE-QT,DEXAMETASONA,20 MG,"D1,D8,D15",21 DIAS,MAX 6 CICLOS,30 MIN,EV
TAXOL + GENZAR (21/21),QT,PACLITAXEL,80 MG,"D1, D8",INTERVA. 21 DIAS,-,3 HORAS,EV
TAXOL + GENZAR (21/21),QT,GENCITABINA,1000 MG,"D1, D8",INTERVA. 21 DIAS,-,30 MIN,EV
TAXOL + GENZAR (21/21),PRE-QT,ONDASENTRONA ,16 MG,"D1,D8,D15",21 DIAS,MAX 6 CICLOS,30 MIN,EV
TAXOL + GENZAR (21/21),PRE-QT,DEXAMETASONA,20 MG,"D1,D8,D15",21 DIAS,MAX 6 CICLOS,30 MIN,EV
TAXOL + HERCEPTIN + PERJETA,QT,PACLITAXEL,80 MG,D1,INTERVA. 21 DIAS,MAX 4 CICLOS,1 HORA,EV
TAXOL + HERCEPTIN + PERJETA,QT,TRASTUZUMABE - DOSE ATAQUE,8MG/KG,D1-C1,,,90 MIN,EV
TAXOL + HERCEPTIN + PERJETA,QT,TRASTUZUMABE,6MG/KG,D1-C2,INTERVA. 21 DIAS,ATE PROGRESSAO,30 MIN,EV
TAXOL + HERCEPTIN + PERJETA,QT,PERTUZUMABE -DOSE ATAQUE,840MG,D1-C1,,,,
TAXOL + HERCEPTIN + PERJETA,QT,PERTUZUMABE ,420MG,D1-C2,,,,
TAXOL + HERCEPTIN + PERJETA,PRE-QT,ONDASENTRONA ,16 MG,D1,21 DIAS,MAX 4 CICLOS,30 MIN,EV
TAXOL + HERCEPTIN + PERJETA,PRE-QT,DEXAMETASONA,20 MG,D1,21 DIAS,MAX 4 CICLOS,30 MIN,EV
TAXOL + HERCEPTIN + PERJETA,PRE-QT,DIFENIDRAMINA,50 MG,D1,21 DIAS,MAX. 4 CICLOS,30 MIN,EV
TAXOL DOSE DENSA,QT,PACLITAXEL,175 MG,D1,INTERVA. 14 DIAS,X,3 HORAS,EV
TAXOL DOSE DENSA,PRE-QT,ONDASENTRONA,16 MG,D1,14 DIAS,ATE PROGRESSAO,30 MIN,EV
TAXOL DOSE DENSA,PRE-QT,DEXAMETASONA,20 MG,D1,14 DIAS,ATE PROGRESSAO,30 MIN,EV
TAXOL DOSE DENSA,PRE-QT,DIFENIDRAMINA,50 MG,D1,14 DIAS,ATE PROGRESSAO,30 MIN,EV
TAXOTERE,QT,DOCETAXEL,50 MG,"D1,D15",,,INFUS 1 HORA,EV
TAXOTERE,PRE-QT,DIFENIDRAMINA,50 MG,"D1,D15",,,,EV
TAXOTERE + CICLOFOSFAMIDA(21/21),QT,DOCETAXEL,75 MG,D1,INTERVA. 21 DIAS,MAX 6 CICLOS,1 HORA,EV
TAXOTERE + CICLOFOSFAMIDA(21/21),QT,CICLOFOSFAMIDA,600 MG,D1,INTERVA. 21 DIAS,MAX 4 CICLOS,45 MIN,EV
TAXOTERE + CICLOFOSFAMIDA(21/21),PRE-QT,ONDASENTRONA ,16 MG,D1,21 DIAS,MAX 6 CICLOS,30 MIN,EV
TAXOTERE + CICLOFOSFAMIDA(21/21),PRE-QT,DEXAMETASONA,20 MG,D1,21 DIAS,MAX 6 CICLOS,30 MIN,EV
TAXOTERE + CICLOFOSFAMIDA(21/21),PRE-QT,DIFENIDRAMINA,50 MG,D1,21 DIAS,MAX 6 CICLOS,30 MIN,EV
TAXOTERE(15/15),QT,DOCETAXEL,50 MG,D1,INTERVA. 15 DIAS,,INFUS 1 HORA,EV
TAXOTERE(15/15),PRE-QT,ONDASENTRONA ,16 MG,D1,15 DIAS,,30 MIN,EV
TAXOTERE(15/15),PRE-QT,DEXAMETASONA,20 MG,D1,15 DIAS,,30 MIN,EV
TAXOTERE(15/15),PRE-QT,DIFENIDRAMINA,50 MG,D1,15 DIAS,,30 MIN,EV
TAXOTERE(21/21),QT,DOCETAXEL,80 MG,D1,INTERVA. 21 DIAS,,INFUS 1 HORA,EV
TAXOTERE(21/21),PRE-QT,ONDASENTRONA ,16 MG,D1,21 DIAS,,30 MIN,EV
TAXOTERE(21/21),PRE-QT,DEXAMETASONA,20 MG,D1,21 DIAS,,30 MIN,EV
TAXOTERE(21/21),PRE-QT,DIFENIDRAMINA,50 MG,D1,21 DIAS,,30 MIN,EV
TIP,QT,PACLITAXEL ,120 MG,"D1,D2",INTERVA. 21 DIAS,,3 HORAS,EV
TIP,QT,IFOSFAMIDA,1200 MG,"D1,D2,D3,D4,D5",INTERVA. 21 DIAS,,2 HORAS,EV
TIP,QT,CISPLATINA,20 MG,"D1,D2,D3,D4,D5",INTERVA. 21 DIAS,,2 HORAS,EV
TIP,QT,MESNA,240 MG,"D1,D2,D3,D4,D5",INTERVA. 21 DIAS,,HORA 0 E 4  DA IFOSFAMIDA,EV
TIP,QT,MESNA,480 MG,"D1,D2,D3,D4,D5",INTERVA. 21 DIAS,,HORA 8 DA IFOSFAMIDA,VO
TIP,PRE-QT,"ONDASENTRONA EM SF 0,9% 100ML                    (JUNTO COM DXT)",16 MG,,,,20 MIN,EV
TIP,PRE-QT,"DEXAMETASONA EM SF 0,9% 100ML                   (JUNTO COM ZOF)",20 MG,,,,20 MIN,EV
TIP,PRE-QT,DIFENIDRAMINA,50 MG,"D1,D2",21 DIAS,MAX 6 CICLOS,30 MIN,EV
TIP,PRE-QT,MANITOL 20 % EM Y COM CISPLATINA,250 ML,,,,1 HORA,EV
TIP,PRE-QT,"SORO FISIOLOGICO 0,9 % PRE E POS CDDP",500 ML,,,,1 HORA,EV
TIP EM 3 DIAS,QT,PACLITAXEL ,175 MG,D1,INTERVA. 21 DIAS,1 ciclo,3 HORAS,EV
TIP EM 3 DIAS,QT,IFOSFAMIDA,1200 MG,D1 a D3,INTERVA. 21 DIAS,MAX. 3 CICLOS,2 HORAS,EV
TIP EM 3 DIAS,QT,CISPLATINA,25 MG,D1 a D3,INTERVA. 21 DIAS,MAX. 3 CICLOS,1  HORA,EV
TIP EM 3 DIAS,QT,MESNA,240 MG,D1 a D3,INTERVA. 21 DIAS,MAX. 3 CICLOS,HORA 0 E 4  DA IFOSFAMIDA,EV OU VO
TIP EM 3 DIAS,QT,MESNA,480 MG,D1 a D3,INTERVA. 21 DIAS,MAX. 3 CICLOS,HORA 8 DA IFOSFAMIDA,VO
TIP EM 3 DIAS,PRE-QT,"ONDASENTRONA EM SF 0,9% 100ML (JUNTO COM DXT)",   16 MG,D1 a D3,21 DIAS,MAX. 3 CICLOS,20 MIN,EV
TIP EM 3 DIAS,PRE-QT,"DEXAMETASONA EM SF 0,9% 100ML  (JUNTO COM ZOF)",   20 MG,D1 a D3,21 DIAS,MAX. 3 CICLOS,20 MIN,EV
TIP EM 3 DIAS,PRE-QT,DIFENIDRAMINA,50 MG,D1,,MAX. 1 ciclo,20 MIN,EV
TIP EM 3 DIAS,PRE-QT,MANITOL 20 % EM Y COM CISPLATINA,250 ML,,,,,
TIP EM 3 DIAS,PRE-QT,"SORO FISIOLOGICO 0,9 % PRE E POS CDDP",500 ML,,,,,
TOCILIZUMABE,QT,TOCILIZUMABE,4MG OU 8MG/KG,SEMana 0,,ACM,INFUS 1 HORA,EV
TOCILIZUMABE,QT,TOCILIZUMABE,4MG OU 8MG/KG,SEMana 2,,ACM,INFUS 1 HORA,EV
TOCILIZUMABE,QT,TOCILIZUMABE,4MG OU 8MG/KG,SEMana 6,,ACM,INFUS 1 HORA,EV
TOCILIZUMABE,QT,TOCILIZUMABE,4MG OU 8MG/KG,MANUTENCAO,DE 8/8 SEMANAS,ACM,INFUS 1 HORA,EV
TOPOTECANO,QT,TOPOTECANO,"1,5 MG",D1 a D5,INTERVA. 28 DIAS,ACM,INFUS 1 HORA,EV
TOPOTECANO,QT,ONDASENTRONA ,8 MG,D1 a D5,28 DIAS,ACM,30 MIN,EV
TOPOTECANO,PRE-QT,DEXAMETASONA,8 MG,D1 a D5,28 DIAS,ACM,30 MIN,EV
TXT + AVASTIN,QT,DOCETAXEL,100 MG,D1,INTERVA. 21 DIAS,MAX 6 CICLOS,INFUS 1 HORA,EV
TXT + AVASTIN,QT,BEVACIZUMABE,15 MG/KG,D1,INTERVA. 21 DIAS,MAX 6 CICLOS,"90 MIN 1º INFUSAO, 60 MIN 2º INFUSAO, 30 MIN 3º INFUSAO.",EV
TXT + AVASTIN,QT,,,,,,,
TXT + AVASTIN,PRE-QT,ONDASENTRONA ,16 MG,D1 a D5,28 DIAS,MAX 6 CICLOS,30 MIN,EV
TXT + AVASTIN,PRE-QT,DEXAMETASONA,20 MG,D1 a D5,28 DIAS,MAX 6 CICLOS,30 MIN,EV
TXT + AVASTIN,PRE-QT,DIFENIDRAMINA,50 MG,D1,INTERVA. 21 DIAS,MAX 6 CICLOS,30 MIN,EV
TXT + CARBO,QT,DOCETAXEL,75 MG,D1,INTERVA. 21 DIAS,MAX 6 CICLOS,INFUS 1 HORA,EV
TXT + CARBO,QT,CARBOPLATINA,ADICIONAR DOSE,D1,INTERVA. 21 DIAS,MAX 6 CICLOS,INFUS 30 MIN,EV
TXT + CARBO,PRE-QT,ONDASENTRONA ,16 MG,D1,21 DIAS,MAX 6 CICLOS,30 MIN,EV
TXT + CARBO,PRE-QT,DEXAMETASONA,20 MG,D1,21 DIAS,MAX 6 CICLOS,30 MIN,EV
TXT + CARBO,PRE-QT,DIFENIDRAMINA,50 MG,D1,INTERVA. 21 DIAS,MAX 6 CICLOS,30 MIN,EV
TXT + CDDP,QT,DOCETAXEL,75 MG,D1,INTERVA. 21 DIAS,MAX 6 CICLOS,INFUS 1 HORA,EV
TXT + CDDP,QT,CISPLATINA,75 MG,D1,INTERVA. 21 DIAS,MAX 6 CICLOS,INFUS 1 HORA,EV
TXT + CDDP,PRE-QT,ONDASENTRONA ,16 MG,D1,21 DIAS,MAX 6 CICLOS,30 MIN,EV
TXT + CDDP,PRE-QT,DEXAMETASONA,20 MG,D1,21 DIAS,MAX 6 CICLOS,30 MIN,EV
TXT + CDDP,PRE-QT,DIFENIDRAMINA,50 MG,D1,21 DIAS,MAX 6 CICLOS,30 MIN,EV
TXT + CDDP,PRE-QT,RANITIDINA ,50 MG,D1,21 DIAS,MAX 6 CICLOS,30 MIN,EV
TXT + CDDP,PRE-QT,MANITOL 20 % EM Y COM CISPLATINA,250 ML,D1,21 DIAS,MAX 6 CICLOS,1 HORA,EV
TXT + CDDP,PRE-QT,"SORO FISIOLOGICO 0,9 % PRE E POS CDDP",500 ML,D1,21 DIAS,MAX 6 CICLOS,1 HORA,EV
TXT + CTX,QT,DOCETAXEL,75 MG,D1,INTERVA. 21 DIAS,MAX 6 CICLOS,1 HORA,EV
TXT + CTX,QT,CICLOFOSFAMIDA,600 MG,D1,INTERVA. 21 DIAS,MAX 4 CICLOS,45 MIN,EV
TXT + CTX,PRE-QT,ONDASENTRONA ,16 MG,D1,21 DIAS,MAX 6 CICLOS,30 MIN,EV
TXT + CTX,PRE-QT,DEXAMETASONA,20 MG,D1,21 DIAS,MAX 6 CICLOS,30 MIN,EV
TXT + CTX,PRE-QT,DIFENIDRAMINA,50 MG,D1,21 DIAS,MAX 6 CICLOS,30 MIN,EV
TXT + HERCEPTIN,QT,DOCETAXEL,75 MG,D1,INTERVA. 21 DIAS,MAX 4 CICLOS,1 HORA,EV
TXT + HERCEPTIN,QT,TRASTUZUMABE - DOSE ATAQUE,8 MG,D1,,,90 MIN,EV
TXT + HERCEPTIN,QT,TRASTUZUMABE,6 MG,D1-C2,INTERVA. 21 DIAS,ATE PROGRESSAO,30 MIN,EV
TXT + HERCEPTIN,PRE-QT,ONDASENTRONA ,16 MG,D1,21 DIAS,MAX 4 CICLOS,30 MIN,EV
TXT + HERCEPTIN,PRE-QT,DEXAMETASONA,20 MG,D1,21 DIAS,MAX 4 CICLOS,30 MIN,EV
TXT + HERCEPTIN,PRE-QT,DIFENIDRAMINA,50 MG,D1,21 DIAS,MAX. 4 CICLOS,30 MIN,EV
TXT + HERCEPTIN + PERJETA,QT,DOCETAXEL,75 MG,D1,INTERVA. 21 DIAS,MAX 4 CICLOS,1 HORA,EV
TXT + HERCEPTIN + PERJETA,QT,TRASTUZUMABE - DOSE ATAQUE,8MG/KG,D1-C1,,,90 MIN,EV
TXT + HERCEPTIN + PERJETA,QT,TRASTUZUMABE,6MG/KG,D1-C2,INTERVA. 21 DIAS,ATE PROGRESSAO,30 MIN,EV
TXT + HERCEPTIN + PERJETA,QT,PERTUZUMABE -DOSE ATAQUE,840MG,D1-C1,,,,
TXT + HERCEPTIN + PERJETA,QT,PERTUZUMABE ,420MG,D1-C2,,,,
TXT + HERCEPTIN + PERJETA,PRE-QT,ONDASENTRONA ,16 MG,D1,21 DIAS,MAX 4 CICLOS,30 MIN,EV
TXT + HERCEPTIN + PERJETA,PRE-QT,DEXAMETASONA,20 MG,D1,21 DIAS,MAX 4 CICLOS,30 MIN,EV
TXT + HERCEPTIN + PERJETA,PRE-QT,DIFENIDRAMINA,50 MG,D1,21 DIAS,MAX. 4 CICLOS,30 MIN,EV
TXT ISOLADO,QT,DOCETAXEL,75 MG,D1,INTERVA. 21 DIAS,MAX 6 CICLOS,INFUS 1 HORA,EV
TXT ISOLADO,PRE-QT,ONDASENTRONA ,16 MG,D1,21 DIAS,MAX 6 CICLOS,30 MIN,EV
TXT ISOLADO,PRE-QT,DEXAMETASONA,20 MG,D1,21 DIAS,MAX 6 CICLOS,30 MIN,EV
TXT ISOLADO,PRE-QT,DIFENIDRAMINA,50 MG,D1,21 DIAS,MAX.6 CICLOS,30 MIN,EV
VCD,QT,BORTEZOMIBE,"1,3 MG","D1, D4, D8, D11",INTERVA. 28 DIAS,MIN 8 CICLOS,-,SC
VCD,QT,CICLOFOSFAMIDA ,300 MG,"D1, D8, D15, D22",INTERVA. 28 DIAS,MIN 8 CICLOS,-,VO
VCD,QT,DEXAMETASONA ,40MG,"D1, D8, D15, D22",INTERVA. 28 DIAS,MIN 8 CICLOS,-,VO
VCD,PRE-QT,ONDASENTRONA ,16 MG,"D1, D8, D15, D22",28 DIAS,MAX 6 CICLOS,30 MIN,EV
VCD,PRE-QT,DEXAMETASONA,20 MG,"D1, D8, D15, D22",28 DIAS,MAX 6 CICLOS,30 MIN,EV
VDC E IE,QT,VINCRISTINA ,2MG,D1,INTERVA. 21 DIAS,MAX 17 CICLOS,EM BOLUS,EV
VDC E IE,QT,DOXORRUBICINA,75 MG,D1,INTERVA. 21 DIAS,,EM BOLUS,EV
VDC E IE,QT,CICLOFOSFAMIDA,1200 MG,D1,INTERVA. 21 DIAS,,,EV
VDC E IE,QT,DACTINOMICINA ,"SE Doxo>375MG/m2 usar a DAct. 1,25MG/m2)",D1,INTERVA. 21 DIAS,,,EV
VDC E IE,PRE-QT,ONDASENTRONA ,16 MG,D1,,,30 MIN,EV
VDC E IE,PRE-QT,DEXAMETASONA,20 MG,D1,,,30 MIN,EV
VDC E IE APOS 21 DIAS,QT,IFOSFAMIDA,1800 MG,D1a D5,INTERVA. 21 DIAS,MAX. 5 CICLOS,,EV
VDC E IE APOS 21 DIAS,QT,ETOPOSIDEO,100 MG,D1a D5,INTERVA. 21 DIAS,MAX. 5 CICLOS,,EV
VDC E IE APOS 21 DIAS,QT,MESNA,360 MG,D1a D5,INTERVA. 21 DIAS,MAX. 5 CICLOS,Na HORA 0 E 4 DA IFOSFAMIDA,EV
VDC E IE APOS 21 DIAS,QT,MESNA,720 MG,D1a D5,INTERVA. 21 DIAS,MAX. 5 CICLOS,Na HORA 8 DA IFOSFAMIDA,VO
VDC E IE APOS 21 DIAS,PRE-QT,ONDASENTRONA ,16 MG,D1 a D5,,,30 MIN,EV
VDC E IE APOS 21 DIAS,PRE-QT,DEXAMETASONA,20 MG,D1 a D5,,,30 MIN,EV
VEDOLIZUMABE,QT,VEDOLIZUMABE,300MG,SEMana 0,DOSE ATAQUE,1/3 CICLOS,INFUS 01 HORAS,EV
VEDOLIZUMABE,QT,VEDOLIZUMABE,300MG,SEMana 2,DOSE ATAQUE,2/3 CICLOS,INFUS 01 HORAS,EV
VEDOLIZUMABE,QT,VEDOLIZUMABE,300MG,SEMana 4,DOSE ATAQUE,3/3 CICLOS,INFUS 01 HORAS,EV
VEDOLIZUMABE,QT,VEDOLIZUMABE,300MG,MANUTENCAO,DE 8/8 SEMANAS,,INFUS 01 HORAS,EV
VIDAZA,QT,AZACITIDINA,75 MG,D1-D7,INTERVA. 28 DIAS,ATE PROGRESSAO,SUBCUTANEO,SC
VIP,QT,ETOPOSIDEO,75 MG,D1-D5,INTERVA. 21 DIAS,MAX. 5 CICLOS,3 HORAS,EV
VIP,QT,IFOSFAMIDA,1200 MG,D1-D5,INTERVA. 21 DIAS,MAX. 5 CICLOS,2 HORAS,EV
VIP,QT,CISPLATINA,20 MG,D1-D5,INTERVA. 21 DIAS,MAX. 5 CICLOS,2 HORAS,EV
VIP,QT,MESNA,240 MG,D1-D5,INTERVA. 21 DIAS,MAX. 5 CICLOS,HORA 0 E 4 DA IFOSFAMIDA,EV
VIP,QT,MESNA,480 MG,D1-D5,INTERVA. 21 DIAS,MAX. 5 CICLOS,HORA 8 DA IFOSFAMIDA,VO
VIP,PRE-QT,"ONDASENTRONA EM SF 0,9% 100ML                    (JUNTO COM DXT)",120,"D1,D2",INTERVA. 21 DIAS,,3 HORAS,EV
VIP,PRE-QT,"DEXAMETASONA EM SF 0,9% 100ML (JUNTO COM ZOF)",1200,"D1,D2,D3,D4,D5",INTERVA. 21 DIAS,,2 HORAS,EV
VIP,PRE-QT,DIFENIDRAMINA,20,"D1,D2,D3,D4,D5",INTERVA. 21 DIAS,,2 HORAS,EV
VIP,PRE-QT,"SORO FISIOLOGICO 0,9 % 500 ML PRE E POS CDDP",720,"D1,D2,D3,D4,D5",INTERVA. 21 DIAS,,"HORA 0,4 E 8 DA IFOSFAMIDA",EV
VIP,PRE-QT,MANITOL 20 % EM Y COM CISPLATINA,250 ML,,,,,EV
VMP,QT,MELFALANO CICLO 1 AO 9,9 MG,D1-D4,INTERVA. 42 DIAS,MAX. 9 CICLOS,USO ORAL,VO
VMP,QT,PREDNISONA CICLO 1 AO 9,60 MG,D1-D4,INTERVA. 42 DIAS,MAX. 9 CICLOS,USO ORAL,VO
VMP,QT,BORTEZOMIBE CICLO 1 AO 9,"1,3 MG","D1,D8,D15 E D22",INTERVA. 42 DIAS,MAX. 9 CICLOS,-,SC
VNB ISOLADO,QT,VINORELBINA DOSES INICAIS,60 MG,"D1, D8, D15",INTERVA. 7 DIAS,,USO ORAL,VO
VNB ISOLADO,QT,VINORELBINA DOSES SUBSEQUENTES,80 MG,D22 EM DIAntE,INTERVA. 7 DIAS,,USO ORAL,VO
VP + CARBO,QT,CARBOPLATINA,ADICIONAR DOSE,D1,INTERVA. 21 DIAS,MAX 6 CICLOS,INFUS 45 MIN,EV
VP + CARBO,QT,ETOPOSIDO,100 MG,"D1,D2,D3",INTERVA. 21 DIAS,MAX 6 CICLOS,1 HORA,EV
VP + CARBO,PRE-QT,DEXAMETASONA,20 MG,"D1, D2, D3",21 DIAS,MAX 6 CICLOS,30 MIN,EV
VP + CARBO,PRE-QT,ONDASENTRONA ,16 MG,"D1, D2, D3",21 DIAS,MAX 6 CICLOS,30 MIN,EV
VP + CDDP,QT,CISPLATINA,45 MG,D1,INTERVA. 28 DIAS,MAX 6 CICLOS,INFUS 24 HORAS,EV
VP + CDDP,QT,ETOPOSIDO,130 MG,"D1,D2,D3",INTERVA. 28 DIAS,MAX 6 CICLOS,INFUS 24 HORAS,EV
VP + CDDP,PRE-QT,DEXAMETASONA,20 MG,D1,21 DIAS,MAX 6 CICLOS,30 MIN,EV
VP + CDDP,PRE-QT,ONDASENTRONA ,16 MG,D1,28 DIAS,MAX 6 CICLOS,30 MIN,EV
VP + CDDP,PRE-QT,MANITOL 20 % EM Y COM CISPLATINA,250 ML,D1,21 DIAS,MAX 6 CICLOS,1 HORA,EV
VP + CDDP,PRE-QT,"SORO FISIOLOGICO 0,9 % PRE E POS CDDP",500 ML,D1,21 DIAS,MAX 6 CICLOS,1 HORA,EV
VTD,QT,BORTEZOMIBE,"1,5 MG","D1, D8, D15, D22",INTERVA. 07 DIAS,MIN 8 CICLOS,-,SC
VTD,QT,TALIDOMIDA,100MG,D1 AO D28,,MIN 8 CICLOS,-,VO
VTD,QT,DEXAMETASONA ,40MG,"D1, D8, D15, D22",INTERVA. 07 DIAS,MIN 8 CICLOS,-,VO
VTD,PRE-QT,ONDASENTRONA ,16 MG,"D1, D8, D15, D22",28 DIAS,MAX 6 CICLOS,30 MIN,EV
VTD,PRE-QT,DEXAMETASONA,20 MG,"D1, D8, D15, D22",28 DIAS,MAX 6 CICLOS,30 MIN,EV
XELODA + LAPA,QT,CAPECITABINA,2000 MG,D1-D14,INTERVA. 21 DIAS,MAX 6 CICLOS,USO ORAL,VO
XELODA + LAPA,QT,LAPATINIBE,1250 MG,USOCONTINUO,,,USO ORAL,VO
XELODA+ AVASTIN,QT,BEVACIZUMABE,10MG/KG,D1,INTERVA. 21 DIAS,MAX 6 CICLOS,"90 MIN 1º INFUSAO, 60 MIN 2º INFUSAO, 30 MIN 3º INFUSAO.",EV
XELODA+ AVASTIN,QT,CAPECITABINA,2000 MG,D1-D14,INTERVA. 21 DIAS,MAX 6 CICLOS,VIA ORAL,VO
XELODA+ TXT,QT,DOCETAXEL,75 MG,D1,INTERVA. 21 DIAS,MAX 6 CICLOS,INFUS 1 HORA,EV
XELODA+ TXT,QT,CAPECITABINA,2500 MG,D1-D14,INTERVA. 21 DIAS,MAX 6 CICLOS,USO ORAL,VO
XELODA+ TXT,PRE-QT,ONDASENTRONA ,16 MG,D1,21 DIAS,MAX 6 CICLOS,30 MIN,EV
XELODA+ TXT,PRE-QT,DEXAMETASONA,20 MG,D1,21 DIAS,MAX 6 CICLOS,30 MIN,EV
XELODA+ TXT,PRE-QT,DIFENIDRAMINA,50 MG,D1,21 DIAS,MAX.6 CICLOS,30 MIN,EV
XELOX,QT,CAPECITABINA VIA ORAL,2000 MG,D1-D14,INTERVA. 21 DIAS,MAX 6 CICLOS,USO ORAL,VO
XELOX,QT,OXALIPLATINA,130 MG,D1,INTERVA. 21 DIAS,MAX 6 CICLOS,INFUS 2 HORAS,EV
XELOX,PRE-QT,ONDASENTRONA ,16 MG,D1,21 DIAS,MAX 6 CICLOS,30 MIN,EV
XELOX,PRE-QT,DEXAMETASONA,20 MG,D1,21 DIAS,MAX 6 CICLOS,30 MIN,EV
XELOX,PRE-QT,HIDROCORTISONA,100MG,D1-D3 (SOS),21 OU 28 DIAS,ATE PROGRESSAO,1 HORA,EV
XELOX + AVASTIN,QT,OXALIPLATINA,130 MG,D1,INTERVA. 21 DIAS,ATE PROGRESSAO,INFUS 2 HORAS,EV
XELOX + AVASTIN,QT,BEVACIZUMABE,"7,5MG/KG",D1,INTERVA. 21 DIAS,ATE PROGRESSAO,"INFUS 1 HORA E MEIA (0,5) (D1)/DEPOIS 30 MINUTOS NOS PROXIMOS",EV
XELOX + AVASTIN,QT,CAPECITABINA VIA ORAL,850 MG,D1-D14,INTERVA. 21 DIAS,ATE PROGRESSAO,,VO
XELOX + AVASTIN,PRE-QT,ONDASENTRONA ,16 MG,D1,21 DIAS,ATE PROGRESSAO,30 MIN,EV
XELOX + AVASTIN,PRE-QT,DEXAMETASONA,20 MG,D1,21 DIAS,ATE PROGRESSAO,30 MIN,EV
XELOX + AVASTIN,PRE-QT,DIFENIDRAMINA,50 MG,D1,21 DIAS,ATE PROGRESSAO,30 MIN,EV
XELOX ADAPTADO,QT,CAPECITABINA VIA ORAL,2000 MG,D1-D14,INTERVA. 21 DIAS,MAX 6 CICLOS,USO ORAL,VO
XELOX ADAPTADO,QT,OXALIPLATINA,100 MG,D1,INTERVA. 21 DIAS,MAX 6 CICLOS,INFUS 2 HORAS,EV
XELOX ADAPTADO,PRE-QT,ONDASENTRONA ,16 MG,D1,21 DIAS,MAX 6 CICLOS,30 MIN,EV
XELOX ADAPTADO,PRE-QT,DEXAMETASONA,20 MG,D1,21 DIAS,MAX 6 CICLOS,30 MIN,EV
XELOX ADAPTADO,PRE-QT,HIDROCORTISONA,100MG,D1-D3 (SOS),21 OU 28 DIAS,ATE PROGRESSAO,1 HORA,EV
ZOMETA,QT,ACIDO ZOLEDRONICO,4MG MG,,,,30 MIN,EV